// csr_file test vectors (generated by sw/gen_unit_vectors.py)
// format: rst_n addr(hex) op(bin) wdata(hex) attempt we trap_take trap_cause(hex) trap_epc(hex)
//         trap_val(hex) mret_take retire irq_lines(bin)
//         expected: csr_rdata(hex) csr_illegal mtvec_out(hex) mepc_out(hex) irq_pending, then wait_type
// Each clock cycle is two lines: wait_type 0 checks the combinational outputs for the
// cycle's inputs, wait_type 1 applies the rising edge with the same inputs (x = don't care).
// op: 00 WRITE, 01 SET, 10 CLEAR. mcycle counts every edge after reset.
// reset
0 000 00 00000000 0 0 0 00000000 00000000 00000000 0 0 00  xxxxxxxx x xxxxxxxx xxxxxxxx x 0
0 000 00 00000000 0 0 0 00000000 00000000 00000000 0 0 00  xxxxxxxx x xxxxxxxx xxxxxxxx x 1
0 000 00 00000000 0 0 0 00000000 00000000 00000000 0 0 00  xxxxxxxx x xxxxxxxx xxxxxxxx x 0
0 000 00 00000000 0 0 0 00000000 00000000 00000000 0 0 00  xxxxxxxx x xxxxxxxx xxxxxxxx x 1
// reset values: mstatus = MPP 11 only; misa; everything else 0
1 300 00 00000000 0 0 0 00000000 00000000 00000000 0 0 00  00001800 0 00000000 00000000 0 0
1 300 00 00000000 0 0 0 00000000 00000000 00000000 0 0 00  xxxxxxxx x xxxxxxxx xxxxxxxx x 1
1 301 00 00000000 0 0 0 00000000 00000000 00000000 0 0 00  40001104 0 00000000 00000000 0 0
1 301 00 00000000 0 0 0 00000000 00000000 00000000 0 0 00  xxxxxxxx x xxxxxxxx xxxxxxxx x 1
1 304 00 00000000 0 0 0 00000000 00000000 00000000 0 0 00  00000000 0 00000000 00000000 0 0
1 304 00 00000000 0 0 0 00000000 00000000 00000000 0 0 00  xxxxxxxx x xxxxxxxx xxxxxxxx x 1
1 305 00 00000000 0 0 0 00000000 00000000 00000000 0 0 00  00000000 0 00000000 00000000 0 0
1 305 00 00000000 0 0 0 00000000 00000000 00000000 0 0 00  xxxxxxxx x xxxxxxxx xxxxxxxx x 1
1 340 00 00000000 0 0 0 00000000 00000000 00000000 0 0 00  00000000 0 00000000 00000000 0 0
1 340 00 00000000 0 0 0 00000000 00000000 00000000 0 0 00  xxxxxxxx x xxxxxxxx xxxxxxxx x 1
1 341 00 00000000 0 0 0 00000000 00000000 00000000 0 0 00  00000000 0 00000000 00000000 0 0
1 341 00 00000000 0 0 0 00000000 00000000 00000000 0 0 00  xxxxxxxx x xxxxxxxx xxxxxxxx x 1
1 342 00 00000000 0 0 0 00000000 00000000 00000000 0 0 00  00000000 0 00000000 00000000 0 0
1 342 00 00000000 0 0 0 00000000 00000000 00000000 0 0 00  xxxxxxxx x xxxxxxxx xxxxxxxx x 1
1 343 00 00000000 0 0 0 00000000 00000000 00000000 0 0 00  00000000 0 00000000 00000000 0 0
1 343 00 00000000 0 0 0 00000000 00000000 00000000 0 0 00  xxxxxxxx x xxxxxxxx xxxxxxxx x 1
1 344 00 00000000 0 0 0 00000000 00000000 00000000 0 0 00  00000000 0 00000000 00000000 0 0
1 344 00 00000000 0 0 0 00000000 00000000 00000000 0 0 00  xxxxxxxx x xxxxxxxx xxxxxxxx x 1
1 F11 00 00000000 0 0 0 00000000 00000000 00000000 0 0 00  00000000 0 00000000 00000000 0 0
1 F11 00 00000000 0 0 0 00000000 00000000 00000000 0 0 00  xxxxxxxx x xxxxxxxx xxxxxxxx x 1
1 F12 00 00000000 0 0 0 00000000 00000000 00000000 0 0 00  00000000 0 00000000 00000000 0 0
1 F12 00 00000000 0 0 0 00000000 00000000 00000000 0 0 00  xxxxxxxx x xxxxxxxx xxxxxxxx x 1
1 F13 00 00000000 0 0 0 00000000 00000000 00000000 0 0 00  00000000 0 00000000 00000000 0 0
1 F13 00 00000000 0 0 0 00000000 00000000 00000000 0 0 00  xxxxxxxx x xxxxxxxx xxxxxxxx x 1
1 F14 00 00000000 0 0 0 00000000 00000000 00000000 0 0 00  00000000 0 00000000 00000000 0 0
1 F14 00 00000000 0 0 0 00000000 00000000 00000000 0 0 00  xxxxxxxx x xxxxxxxx xxxxxxxx x 1
// mcycle counts every cycle after reset; minstret counts nothing yet
1 B00 00 00000000 0 0 0 00000000 00000000 00000000 0 0 00  0000000D 0 00000000 00000000 0 0
1 B00 00 00000000 0 0 0 00000000 00000000 00000000 0 0 00  xxxxxxxx x xxxxxxxx xxxxxxxx x 1
1 B00 00 00000000 0 0 0 00000000 00000000 00000000 0 0 00  0000000E 0 00000000 00000000 0 0
1 B00 00 00000000 0 0 0 00000000 00000000 00000000 0 0 00  xxxxxxxx x xxxxxxxx xxxxxxxx x 1
1 B02 00 00000000 0 0 0 00000000 00000000 00000000 0 0 00  00000000 0 00000000 00000000 0 0
1 B02 00 00000000 0 0 0 00000000 00000000 00000000 0 0 00  xxxxxxxx x xxxxxxxx xxxxxxxx x 1
1 B80 00 00000000 0 0 0 00000000 00000000 00000000 0 0 00  00000000 0 00000000 00000000 0 0
1 B80 00 00000000 0 0 0 00000000 00000000 00000000 0 0 00  xxxxxxxx x xxxxxxxx xxxxxxxx x 1
// WRITE, SET, CLEAR on every writable CSR; unused bits read 0
1 300 00 FFFFFFFF 1 1 0 00000000 00000000 00000000 0 0 00  00001800 0 00000000 00000000 0 0
1 300 00 FFFFFFFF 1 1 0 00000000 00000000 00000000 0 0 00  xxxxxxxx x xxxxxxxx xxxxxxxx x 1
1 300 00 00000000 0 0 0 00000000 00000000 00000000 0 0 00  00001888 0 00000000 00000000 0 0
1 300 00 00000000 0 0 0 00000000 00000000 00000000 0 0 00  xxxxxxxx x xxxxxxxx xxxxxxxx x 1
1 300 01 00F0F00F 1 1 0 00000000 00000000 00000000 0 0 00  00001888 0 00000000 00000000 0 0
1 300 01 00F0F00F 1 1 0 00000000 00000000 00000000 0 0 00  xxxxxxxx x xxxxxxxx xxxxxxxx x 1
1 300 00 00000000 0 0 0 00000000 00000000 00000000 0 0 00  00001888 0 00000000 00000000 0 0
1 300 00 00000000 0 0 0 00000000 00000000 00000000 0 0 00  xxxxxxxx x xxxxxxxx xxxxxxxx x 1
1 300 10 FFFF0000 1 1 0 00000000 00000000 00000000 0 0 00  00001888 0 00000000 00000000 0 0
1 300 10 FFFF0000 1 1 0 00000000 00000000 00000000 0 0 00  xxxxxxxx x xxxxxxxx xxxxxxxx x 1
1 300 00 00000000 0 0 0 00000000 00000000 00000000 0 0 00  00001888 0 00000000 00000000 0 0
1 300 00 00000000 0 0 0 00000000 00000000 00000000 0 0 00  xxxxxxxx x xxxxxxxx xxxxxxxx x 1
1 300 00 00000000 1 1 0 00000000 00000000 00000000 0 0 00  00001888 0 00000000 00000000 0 0
1 300 00 00000000 1 1 0 00000000 00000000 00000000 0 0 00  xxxxxxxx x xxxxxxxx xxxxxxxx x 1
1 304 00 FFFFFFFF 1 1 0 00000000 00000000 00000000 0 0 00  00000000 0 00000000 00000000 0 0
1 304 00 FFFFFFFF 1 1 0 00000000 00000000 00000000 0 0 00  xxxxxxxx x xxxxxxxx xxxxxxxx x 1
1 304 00 00000000 0 0 0 00000000 00000000 00000000 0 0 00  00000800 0 00000000 00000000 0 0
1 304 00 00000000 0 0 0 00000000 00000000 00000000 0 0 00  xxxxxxxx x xxxxxxxx xxxxxxxx x 1
1 304 01 00F0F00F 1 1 0 00000000 00000000 00000000 0 0 00  00000800 0 00000000 00000000 0 0
1 304 01 00F0F00F 1 1 0 00000000 00000000 00000000 0 0 00  xxxxxxxx x xxxxxxxx xxxxxxxx x 1
1 304 00 00000000 0 0 0 00000000 00000000 00000000 0 0 00  00000800 0 00000000 00000000 0 0
1 304 00 00000000 0 0 0 00000000 00000000 00000000 0 0 00  xxxxxxxx x xxxxxxxx xxxxxxxx x 1
1 304 10 FFFF0000 1 1 0 00000000 00000000 00000000 0 0 00  00000800 0 00000000 00000000 0 0
1 304 10 FFFF0000 1 1 0 00000000 00000000 00000000 0 0 00  xxxxxxxx x xxxxxxxx xxxxxxxx x 1
1 304 00 00000000 0 0 0 00000000 00000000 00000000 0 0 00  00000800 0 00000000 00000000 0 0
1 304 00 00000000 0 0 0 00000000 00000000 00000000 0 0 00  xxxxxxxx x xxxxxxxx xxxxxxxx x 1
1 304 00 00000000 1 1 0 00000000 00000000 00000000 0 0 00  00000800 0 00000000 00000000 0 0
1 304 00 00000000 1 1 0 00000000 00000000 00000000 0 0 00  xxxxxxxx x xxxxxxxx xxxxxxxx x 1
1 305 00 FFFFFFFF 1 1 0 00000000 00000000 00000000 0 0 00  00000000 0 00000000 00000000 0 0
1 305 00 FFFFFFFF 1 1 0 00000000 00000000 00000000 0 0 00  xxxxxxxx x xxxxxxxx xxxxxxxx x 1
1 305 00 00000000 0 0 0 00000000 00000000 00000000 0 0 00  FFFFFFFC 0 FFFFFFFC 00000000 0 0
1 305 00 00000000 0 0 0 00000000 00000000 00000000 0 0 00  xxxxxxxx x xxxxxxxx xxxxxxxx x 1
1 305 01 00F0F00F 1 1 0 00000000 00000000 00000000 0 0 00  FFFFFFFC 0 FFFFFFFC 00000000 0 0
1 305 01 00F0F00F 1 1 0 00000000 00000000 00000000 0 0 00  xxxxxxxx x xxxxxxxx xxxxxxxx x 1
1 305 00 00000000 0 0 0 00000000 00000000 00000000 0 0 00  FFFFFFFC 0 FFFFFFFC 00000000 0 0
1 305 00 00000000 0 0 0 00000000 00000000 00000000 0 0 00  xxxxxxxx x xxxxxxxx xxxxxxxx x 1
1 305 10 FFFF0000 1 1 0 00000000 00000000 00000000 0 0 00  FFFFFFFC 0 FFFFFFFC 00000000 0 0
1 305 10 FFFF0000 1 1 0 00000000 00000000 00000000 0 0 00  xxxxxxxx x xxxxxxxx xxxxxxxx x 1
1 305 00 00000000 0 0 0 00000000 00000000 00000000 0 0 00  0000FFFC 0 0000FFFC 00000000 0 0
1 305 00 00000000 0 0 0 00000000 00000000 00000000 0 0 00  xxxxxxxx x xxxxxxxx xxxxxxxx x 1
1 305 00 00000000 1 1 0 00000000 00000000 00000000 0 0 00  0000FFFC 0 0000FFFC 00000000 0 0
1 305 00 00000000 1 1 0 00000000 00000000 00000000 0 0 00  xxxxxxxx x xxxxxxxx xxxxxxxx x 1
1 340 00 A5A55A5A 1 1 0 00000000 00000000 00000000 0 0 00  00000000 0 00000000 00000000 0 0
1 340 00 A5A55A5A 1 1 0 00000000 00000000 00000000 0 0 00  xxxxxxxx x xxxxxxxx xxxxxxxx x 1
1 340 00 00000000 0 0 0 00000000 00000000 00000000 0 0 00  A5A55A5A 0 00000000 00000000 0 0
1 340 00 00000000 0 0 0 00000000 00000000 00000000 0 0 00  xxxxxxxx x xxxxxxxx xxxxxxxx x 1
1 340 01 00F0F00F 1 1 0 00000000 00000000 00000000 0 0 00  A5A55A5A 0 00000000 00000000 0 0
1 340 01 00F0F00F 1 1 0 00000000 00000000 00000000 0 0 00  xxxxxxxx x xxxxxxxx xxxxxxxx x 1
1 340 00 00000000 0 0 0 00000000 00000000 00000000 0 0 00  A5F5FA5F 0 00000000 00000000 0 0
1 340 00 00000000 0 0 0 00000000 00000000 00000000 0 0 00  xxxxxxxx x xxxxxxxx xxxxxxxx x 1
1 340 10 FFFF0000 1 1 0 00000000 00000000 00000000 0 0 00  A5F5FA5F 0 00000000 00000000 0 0
1 340 10 FFFF0000 1 1 0 00000000 00000000 00000000 0 0 00  xxxxxxxx x xxxxxxxx xxxxxxxx x 1
1 340 00 00000000 0 0 0 00000000 00000000 00000000 0 0 00  0000FA5F 0 00000000 00000000 0 0
1 340 00 00000000 0 0 0 00000000 00000000 00000000 0 0 00  xxxxxxxx x xxxxxxxx xxxxxxxx x 1
1 340 00 00000000 1 1 0 00000000 00000000 00000000 0 0 00  0000FA5F 0 00000000 00000000 0 0
1 340 00 00000000 1 1 0 00000000 00000000 00000000 0 0 00  xxxxxxxx x xxxxxxxx xxxxxxxx x 1
1 341 00 12345677 1 1 0 00000000 00000000 00000000 0 0 00  00000000 0 00000000 00000000 0 0
1 341 00 12345677 1 1 0 00000000 00000000 00000000 0 0 00  xxxxxxxx x xxxxxxxx xxxxxxxx x 1
1 341 00 00000000 0 0 0 00000000 00000000 00000000 0 0 00  12345676 0 00000000 12345676 0 0
1 341 00 00000000 0 0 0 00000000 00000000 00000000 0 0 00  xxxxxxxx x xxxxxxxx xxxxxxxx x 1
1 341 01 00F0F00F 1 1 0 00000000 00000000 00000000 0 0 00  12345676 0 00000000 12345676 0 0
1 341 01 00F0F00F 1 1 0 00000000 00000000 00000000 0 0 00  xxxxxxxx x xxxxxxxx xxxxxxxx x 1
1 341 00 00000000 0 0 0 00000000 00000000 00000000 0 0 00  12F4F67E 0 00000000 12F4F67E 0 0
1 341 00 00000000 0 0 0 00000000 00000000 00000000 0 0 00  xxxxxxxx x xxxxxxxx xxxxxxxx x 1
1 341 10 FFFF0000 1 1 0 00000000 00000000 00000000 0 0 00  12F4F67E 0 00000000 12F4F67E 0 0
1 341 10 FFFF0000 1 1 0 00000000 00000000 00000000 0 0 00  xxxxxxxx x xxxxxxxx xxxxxxxx x 1
1 341 00 00000000 0 0 0 00000000 00000000 00000000 0 0 00  0000F67E 0 00000000 0000F67E 0 0
1 341 00 00000000 0 0 0 00000000 00000000 00000000 0 0 00  xxxxxxxx x xxxxxxxx xxxxxxxx x 1
1 341 00 00000000 1 1 0 00000000 00000000 00000000 0 0 00  0000F67E 0 00000000 0000F67E 0 0
1 341 00 00000000 1 1 0 00000000 00000000 00000000 0 0 00  xxxxxxxx x xxxxxxxx xxxxxxxx x 1
1 342 00 8000000B 1 1 0 00000000 00000000 00000000 0 0 00  00000000 0 00000000 00000000 0 0
1 342 00 8000000B 1 1 0 00000000 00000000 00000000 0 0 00  xxxxxxxx x xxxxxxxx xxxxxxxx x 1
1 342 00 00000000 0 0 0 00000000 00000000 00000000 0 0 00  8000000B 0 00000000 00000000 0 0
1 342 00 00000000 0 0 0 00000000 00000000 00000000 0 0 00  xxxxxxxx x xxxxxxxx xxxxxxxx x 1
1 342 01 00F0F00F 1 1 0 00000000 00000000 00000000 0 0 00  8000000B 0 00000000 00000000 0 0
1 342 01 00F0F00F 1 1 0 00000000 00000000 00000000 0 0 00  xxxxxxxx x xxxxxxxx xxxxxxxx x 1
1 342 00 00000000 0 0 0 00000000 00000000 00000000 0 0 00  80F0F00F 0 00000000 00000000 0 0
1 342 00 00000000 0 0 0 00000000 00000000 00000000 0 0 00  xxxxxxxx x xxxxxxxx xxxxxxxx x 1
1 342 10 FFFF0000 1 1 0 00000000 00000000 00000000 0 0 00  80F0F00F 0 00000000 00000000 0 0
1 342 10 FFFF0000 1 1 0 00000000 00000000 00000000 0 0 00  xxxxxxxx x xxxxxxxx xxxxxxxx x 1
1 342 00 00000000 0 0 0 00000000 00000000 00000000 0 0 00  0000F00F 0 00000000 00000000 0 0
1 342 00 00000000 0 0 0 00000000 00000000 00000000 0 0 00  xxxxxxxx x xxxxxxxx xxxxxxxx x 1
1 342 00 00000000 1 1 0 00000000 00000000 00000000 0 0 00  0000F00F 0 00000000 00000000 0 0
1 342 00 00000000 1 1 0 00000000 00000000 00000000 0 0 00  xxxxxxxx x xxxxxxxx xxxxxxxx x 1
1 343 00 DEADBEEF 1 1 0 00000000 00000000 00000000 0 0 00  00000000 0 00000000 00000000 0 0
1 343 00 DEADBEEF 1 1 0 00000000 00000000 00000000 0 0 00  xxxxxxxx x xxxxxxxx xxxxxxxx x 1
1 343 00 00000000 0 0 0 00000000 00000000 00000000 0 0 00  DEADBEEF 0 00000000 00000000 0 0
1 343 00 00000000 0 0 0 00000000 00000000 00000000 0 0 00  xxxxxxxx x xxxxxxxx xxxxxxxx x 1
1 343 01 00F0F00F 1 1 0 00000000 00000000 00000000 0 0 00  DEADBEEF 0 00000000 00000000 0 0
1 343 01 00F0F00F 1 1 0 00000000 00000000 00000000 0 0 00  xxxxxxxx x xxxxxxxx xxxxxxxx x 1
1 343 00 00000000 0 0 0 00000000 00000000 00000000 0 0 00  DEFDFEEF 0 00000000 00000000 0 0
1 343 00 00000000 0 0 0 00000000 00000000 00000000 0 0 00  xxxxxxxx x xxxxxxxx xxxxxxxx x 1
1 343 10 FFFF0000 1 1 0 00000000 00000000 00000000 0 0 00  DEFDFEEF 0 00000000 00000000 0 0
1 343 10 FFFF0000 1 1 0 00000000 00000000 00000000 0 0 00  xxxxxxxx x xxxxxxxx xxxxxxxx x 1
1 343 00 00000000 0 0 0 00000000 00000000 00000000 0 0 00  0000FEEF 0 00000000 00000000 0 0
1 343 00 00000000 0 0 0 00000000 00000000 00000000 0 0 00  xxxxxxxx x xxxxxxxx xxxxxxxx x 1
1 343 00 00000000 1 1 0 00000000 00000000 00000000 0 0 00  0000FEEF 0 00000000 00000000 0 0
1 343 00 00000000 1 1 0 00000000 00000000 00000000 0 0 00  xxxxxxxx x xxxxxxxx xxxxxxxx x 1
// mstatus: MIE and MPIE are the only writable bits
1 300 00 00000088 1 1 0 00000000 00000000 00000000 0 0 00  00001800 0 00000000 00000000 0 0
1 300 00 00000088 1 1 0 00000000 00000000 00000000 0 0 00  xxxxxxxx x xxxxxxxx xxxxxxxx x 1
1 300 00 00000000 0 0 0 00000000 00000000 00000000 0 0 00  00001888 0 00000000 00000000 0 0
1 300 00 00000000 0 0 0 00000000 00000000 00000000 0 0 00  xxxxxxxx x xxxxxxxx xxxxxxxx x 1
1 300 10 00000080 1 1 0 00000000 00000000 00000000 0 0 00  00001888 0 00000000 00000000 0 0
1 300 10 00000080 1 1 0 00000000 00000000 00000000 0 0 00  xxxxxxxx x xxxxxxxx xxxxxxxx x 1
1 300 00 00000000 0 0 0 00000000 00000000 00000000 0 0 00  00001808 0 00000000 00000000 0 0
1 300 00 00000000 0 0 0 00000000 00000000 00000000 0 0 00  xxxxxxxx x xxxxxxxx xxxxxxxx x 1
1 300 00 00000000 1 1 0 00000000 00000000 00000000 0 0 00  00001808 0 00000000 00000000 0 0
1 300 00 00000000 1 1 0 00000000 00000000 00000000 0 0 00  xxxxxxxx x xxxxxxxx xxxxxxxx x 1
// misa and mip ignore writes, which are legal (not in the read-only space)
1 301 00 00000000 1 1 0 00000000 00000000 00000000 0 0 00  40001104 0 00000000 00000000 0 0
1 301 00 00000000 1 1 0 00000000 00000000 00000000 0 0 00  xxxxxxxx x xxxxxxxx xxxxxxxx x 1
1 301 00 00000000 0 0 0 00000000 00000000 00000000 0 0 00  40001104 0 00000000 00000000 0 0
1 301 00 00000000 0 0 0 00000000 00000000 00000000 0 0 00  xxxxxxxx x xxxxxxxx xxxxxxxx x 1
1 344 00 FFFFFFFF 1 1 0 00000000 00000000 00000000 0 0 00  00000000 0 00000000 00000000 0 0
1 344 00 FFFFFFFF 1 1 0 00000000 00000000 00000000 0 0 00  xxxxxxxx x xxxxxxxx xxxxxxxx x 1
1 344 00 00000000 0 0 0 00000000 00000000 00000000 0 0 00  00000000 0 00000000 00000000 0 0
1 344 00 00000000 0 0 0 00000000 00000000 00000000 0 0 00  xxxxxxxx x xxxxxxxx xxxxxxxx x 1
// mip.MEIP follows the interrupt lines
1 344 00 00000000 0 0 0 00000000 00000000 00000000 0 0 01  00000800 0 00000000 00000000 0 0
1 344 00 00000000 0 0 0 00000000 00000000 00000000 0 0 01  xxxxxxxx x xxxxxxxx xxxxxxxx x 1
1 344 00 00000000 0 0 0 00000000 00000000 00000000 0 0 10  00000800 0 00000000 00000000 0 0
1 344 00 00000000 0 0 0 00000000 00000000 00000000 0 0 10  xxxxxxxx x xxxxxxxx xxxxxxxx x 1
1 344 00 00000000 0 0 0 00000000 00000000 00000000 0 0 11  00000800 0 00000000 00000000 0 0
1 344 00 00000000 0 0 0 00000000 00000000 00000000 0 0 11  xxxxxxxx x xxxxxxxx xxxxxxxx x 1
// read-only space [11:10] = 11: a write attempt is illegal, a plain read is not
1 C00 01 00000000 0 0 0 00000000 00000000 00000000 0 0 00  0000004E 0 00000000 00000000 0 0
1 C00 01 00000000 0 0 0 00000000 00000000 00000000 0 0 00  xxxxxxxx x xxxxxxxx xxxxxxxx x 1
1 C00 00 00000055 1 0 0 00000000 00000000 00000000 0 0 00  0000004F 1 00000000 00000000 0 0
1 C00 00 00000055 1 0 0 00000000 00000000 00000000 0 0 00  xxxxxxxx x xxxxxxxx xxxxxxxx x 1
1 C82 01 00000000 0 0 0 00000000 00000000 00000000 0 0 00  00000000 0 00000000 00000000 0 0
1 C82 01 00000000 0 0 0 00000000 00000000 00000000 0 0 00  xxxxxxxx x xxxxxxxx xxxxxxxx x 1
1 C82 00 00000055 1 0 0 00000000 00000000 00000000 0 0 00  00000000 1 00000000 00000000 0 0
1 C82 00 00000055 1 0 0 00000000 00000000 00000000 0 0 00  xxxxxxxx x xxxxxxxx xxxxxxxx x 1
1 F14 01 00000000 0 0 0 00000000 00000000 00000000 0 0 00  00000000 0 00000000 00000000 0 0
1 F14 01 00000000 0 0 0 00000000 00000000 00000000 0 0 00  xxxxxxxx x xxxxxxxx xxxxxxxx x 1
1 F14 00 00000055 1 0 0 00000000 00000000 00000000 0 0 00  00000000 1 00000000 00000000 0 0
1 F14 00 00000055 1 0 0 00000000 00000000 00000000 0 0 00  xxxxxxxx x xxxxxxxx xxxxxxxx x 1
// unimplemented addresses are illegal and read 0
1 000 00 00000000 0 0 0 00000000 00000000 00000000 0 0 00  00000000 1 00000000 00000000 0 0
1 000 00 00000000 0 0 0 00000000 00000000 00000000 0 0 00  xxxxxxxx x xxxxxxxx xxxxxxxx x 1
1 001 00 00000000 0 0 0 00000000 00000000 00000000 0 0 00  00000000 1 00000000 00000000 0 0
1 001 00 00000000 0 0 0 00000000 00000000 00000000 0 0 00  xxxxxxxx x xxxxxxxx xxxxxxxx x 1
1 302 00 00000000 0 0 0 00000000 00000000 00000000 0 0 00  00000000 1 00000000 00000000 0 0
1 302 00 00000000 0 0 0 00000000 00000000 00000000 0 0 00  xxxxxxxx x xxxxxxxx xxxxxxxx x 1
1 303 00 00000000 0 0 0 00000000 00000000 00000000 0 0 00  00000000 1 00000000 00000000 0 0
1 303 00 00000000 0 0 0 00000000 00000000 00000000 0 0 00  xxxxxxxx x xxxxxxxx xxxxxxxx x 1
1 7C0 00 00000000 0 0 0 00000000 00000000 00000000 0 0 00  00000000 1 00000000 00000000 0 0
1 7C0 00 00000000 0 0 0 00000000 00000000 00000000 0 0 00  xxxxxxxx x xxxxxxxx xxxxxxxx x 1
1 B01 00 00000000 0 0 0 00000000 00000000 00000000 0 0 00  00000000 1 00000000 00000000 0 0
1 B01 00 00000000 0 0 0 00000000 00000000 00000000 0 0 00  xxxxxxxx x xxxxxxxx xxxxxxxx x 1
1 B03 00 00000000 0 0 0 00000000 00000000 00000000 0 0 00  00000000 1 00000000 00000000 0 0
1 B03 00 00000000 0 0 0 00000000 00000000 00000000 0 0 00  xxxxxxxx x xxxxxxxx xxxxxxxx x 1
1 C03 00 00000000 0 0 0 00000000 00000000 00000000 0 0 00  00000000 1 00000000 00000000 0 0
1 C03 00 00000000 0 0 0 00000000 00000000 00000000 0 0 00  xxxxxxxx x xxxxxxxx xxxxxxxx x 1
1 F15 00 00000000 0 0 0 00000000 00000000 00000000 0 0 00  00000000 1 00000000 00000000 0 0
1 F15 00 00000000 0 0 0 00000000 00000000 00000000 0 0 00  xxxxxxxx x xxxxxxxx xxxxxxxx x 1
1 FFF 00 00000000 0 0 0 00000000 00000000 00000000 0 0 00  00000000 1 00000000 00000000 0 0
1 FFF 00 00000000 0 0 0 00000000 00000000 00000000 0 0 00  xxxxxxxx x xxxxxxxx xxxxxxxx x 1
1 7B0 00 00000000 0 0 0 00000000 00000000 00000000 0 0 00  00000000 1 00000000 00000000 0 0
1 7B0 00 00000000 0 0 0 00000000 00000000 00000000 0 0 00  xxxxxxxx x xxxxxxxx xxxxxxxx x 1
// attempt without we: legality only, no write
1 340 00 11111111 1 1 0 00000000 00000000 00000000 0 0 00  00000000 0 00000000 00000000 0 0
1 340 00 11111111 1 1 0 00000000 00000000 00000000 0 0 00  xxxxxxxx x xxxxxxxx xxxxxxxx x 1
1 340 00 22222222 1 0 0 00000000 00000000 00000000 0 0 00  11111111 0 00000000 00000000 0 0
1 340 00 22222222 1 0 0 00000000 00000000 00000000 0 0 00  xxxxxxxx x xxxxxxxx xxxxxxxx x 1
1 340 00 00000000 0 0 0 00000000 00000000 00000000 0 0 00  11111111 0 00000000 00000000 0 0
1 340 00 00000000 0 0 0 00000000 00000000 00000000 0 0 00  xxxxxxxx x xxxxxxxx xxxxxxxx x 1
// trap entry: mepc (low bits dropped), mcause, mtval; MPIE <- MIE, MIE <- 0
1 300 00 00000008 1 1 0 00000000 00000000 00000000 0 0 00  00001800 0 00000000 00000000 0 0
1 300 00 00000008 1 1 0 00000000 00000000 00000000 0 0 00  xxxxxxxx x xxxxxxxx xxxxxxxx x 1
1 304 00 00000800 1 1 0 00000000 00000000 00000000 0 0 00  00000000 0 00000000 00000000 0 0
1 304 00 00000800 1 1 0 00000000 00000000 00000000 0 0 00  xxxxxxxx x xxxxxxxx xxxxxxxx x 1
1 300 00 00000000 0 0 0 00000000 00000000 00000000 0 0 00  00001808 0 00000000 00000000 0 0
1 300 00 00000000 0 0 0 00000000 00000000 00000000 0 0 00  xxxxxxxx x xxxxxxxx xxxxxxxx x 1
1 000 00 00000000 0 0 1 0000000B 00000077 00000000 0 0 00  00000000 1 00000000 00000000 0 0
1 000 00 00000000 0 0 1 0000000B 00000077 00000000 0 0 00  xxxxxxxx x xxxxxxxx xxxxxxxx x 1
1 300 00 00000000 0 0 0 00000000 00000000 00000000 0 0 00  00001880 0 00000000 00000076 0 0
1 300 00 00000000 0 0 0 00000000 00000000 00000000 0 0 00  xxxxxxxx x xxxxxxxx xxxxxxxx x 1
1 341 00 00000000 0 0 0 00000000 00000000 00000000 0 0 00  00000076 0 00000000 00000076 0 0
1 341 00 00000000 0 0 0 00000000 00000000 00000000 0 0 00  xxxxxxxx x xxxxxxxx xxxxxxxx x 1
1 342 00 00000000 0 0 0 00000000 00000000 00000000 0 0 00  0000000B 0 00000000 00000076 0 0
1 342 00 00000000 0 0 0 00000000 00000000 00000000 0 0 00  xxxxxxxx x xxxxxxxx xxxxxxxx x 1
1 343 00 00000000 0 0 0 00000000 00000000 00000000 0 0 00  00000000 0 00000000 00000076 0 0
1 343 00 00000000 0 0 0 00000000 00000000 00000000 0 0 00  xxxxxxxx x xxxxxxxx xxxxxxxx x 1
// MRET: MIE <- MPIE, MPIE <- 1
1 000 00 00000000 0 0 0 00000000 00000000 00000000 1 0 00  00000000 1 00000000 00000076 0 0
1 000 00 00000000 0 0 0 00000000 00000000 00000000 1 0 00  xxxxxxxx x xxxxxxxx xxxxxxxx x 1
1 300 00 00000000 0 0 0 00000000 00000000 00000000 0 0 00  00001888 0 00000000 00000076 0 0
1 300 00 00000000 0 0 0 00000000 00000000 00000000 0 0 00  xxxxxxxx x xxxxxxxx xxxxxxxx x 1
// a trap with MIE = 0 leaves MPIE = 0
1 000 00 00000000 0 0 1 00000002 00001000 00000000 0 0 00  00000000 1 00000000 00000076 0 0
1 000 00 00000000 0 0 1 00000002 00001000 00000000 0 0 00  xxxxxxxx x xxxxxxxx xxxxxxxx x 1
1 300 10 00000000 1 0 0 00000000 00000000 00000000 0 0 00  00001880 0 00000000 00001000 0 0
1 300 10 00000000 1 0 0 00000000 00000000 00000000 0 0 00  xxxxxxxx x xxxxxxxx xxxxxxxx x 1
1 000 00 00000000 0 0 1 00000004 00002004 20000001 0 0 00  00000000 1 00000000 00001000 0 0
1 000 00 00000000 0 0 1 00000004 00002004 20000001 0 0 00  xxxxxxxx x xxxxxxxx xxxxxxxx x 1
1 300 00 00000000 0 0 0 00000000 00000000 00000000 0 0 00  00001800 0 00000000 00002004 0 0
1 300 00 00000000 0 0 0 00000000 00000000 00000000 0 0 00  xxxxxxxx x xxxxxxxx xxxxxxxx x 1
1 343 00 00000000 0 0 0 00000000 00000000 00000000 0 0 00  20000001 0 00000000 00002004 0 0
1 343 00 00000000 0 0 0 00000000 00000000 00000000 0 0 00  xxxxxxxx x xxxxxxxx xxxxxxxx x 1
1 000 00 00000000 0 0 0 00000000 00000000 00000000 1 0 00  00000000 1 00000000 00002004 0 0
1 000 00 00000000 0 0 0 00000000 00000000 00000000 1 0 00  xxxxxxxx x xxxxxxxx xxxxxxxx x 1
1 300 00 00000000 0 0 0 00000000 00000000 00000000 0 0 00  00001880 0 00000000 00002004 0 0
1 300 00 00000000 0 0 0 00000000 00000000 00000000 0 0 00  xxxxxxxx x xxxxxxxx xxxxxxxx x 1
// priority: trap over a CSR write in the same cycle, MRET over a CSR write
1 340 00 33333333 1 1 1 00000003 00000044 00000044 0 0 00  11111111 0 00000000 00002004 0 0
1 340 00 33333333 1 1 1 00000003 00000044 00000044 0 0 00  xxxxxxxx x xxxxxxxx xxxxxxxx x 1
1 340 00 00000000 0 0 0 00000000 00000000 00000000 0 0 00  11111111 0 00000000 00000044 0 0
1 340 00 00000000 0 0 0 00000000 00000000 00000000 0 0 00  xxxxxxxx x xxxxxxxx xxxxxxxx x 1
1 342 00 00000000 0 0 0 00000000 00000000 00000000 0 0 00  00000003 0 00000000 00000044 0 0
1 342 00 00000000 0 0 0 00000000 00000000 00000000 0 0 00  xxxxxxxx x xxxxxxxx xxxxxxxx x 1
1 340 00 44444444 1 1 0 00000000 00000000 00000000 1 0 00  11111111 0 00000000 00000044 0 0
1 340 00 44444444 1 1 0 00000000 00000000 00000000 1 0 00  xxxxxxxx x xxxxxxxx xxxxxxxx x 1
1 340 00 00000000 0 0 0 00000000 00000000 00000000 0 0 00  11111111 0 00000000 00000044 0 0
1 340 00 00000000 0 0 0 00000000 00000000 00000000 0 0 00  xxxxxxxx x xxxxxxxx xxxxxxxx x 1
// irq_pending = MIE AND MEIE AND MEIP
1 300 00 00000000 1 1 0 00000000 00000000 00000000 0 0 00  00001880 0 00000000 00000044 0 0
1 300 00 00000000 1 1 0 00000000 00000000 00000000 0 0 00  xxxxxxxx x xxxxxxxx xxxxxxxx x 1
1 304 00 00000000 1 1 0 00000000 00000000 00000000 0 0 00  00000800 0 00000000 00000044 0 0
1 304 00 00000000 1 1 0 00000000 00000000 00000000 0 0 00  xxxxxxxx x xxxxxxxx xxxxxxxx x 1
1 300 00 00000000 0 0 0 00000000 00000000 00000000 0 0 00  00001800 0 00000000 00000044 0 0
1 300 00 00000000 0 0 0 00000000 00000000 00000000 0 0 00  xxxxxxxx x xxxxxxxx xxxxxxxx x 1
1 300 00 00000000 0 0 0 00000000 00000000 00000000 0 0 01  00001800 0 00000000 00000044 0 0
1 300 00 00000000 0 0 0 00000000 00000000 00000000 0 0 01  xxxxxxxx x xxxxxxxx xxxxxxxx x 1
1 300 00 00000000 0 0 0 00000000 00000000 00000000 0 0 10  00001800 0 00000000 00000044 0 0
1 300 00 00000000 0 0 0 00000000 00000000 00000000 0 0 10  xxxxxxxx x xxxxxxxx xxxxxxxx x 1
1 300 00 00000000 1 1 0 00000000 00000000 00000000 0 0 00  00001800 0 00000000 00000044 0 0
1 300 00 00000000 1 1 0 00000000 00000000 00000000 0 0 00  xxxxxxxx x xxxxxxxx xxxxxxxx x 1
1 304 00 00000800 1 1 0 00000000 00000000 00000000 0 0 00  00000000 0 00000000 00000044 0 0
1 304 00 00000800 1 1 0 00000000 00000000 00000000 0 0 00  xxxxxxxx x xxxxxxxx xxxxxxxx x 1
1 300 00 00000000 0 0 0 00000000 00000000 00000000 0 0 00  00001800 0 00000000 00000044 0 0
1 300 00 00000000 0 0 0 00000000 00000000 00000000 0 0 00  xxxxxxxx x xxxxxxxx xxxxxxxx x 1
1 300 00 00000000 0 0 0 00000000 00000000 00000000 0 0 01  00001800 0 00000000 00000044 0 0
1 300 00 00000000 0 0 0 00000000 00000000 00000000 0 0 01  xxxxxxxx x xxxxxxxx xxxxxxxx x 1
1 300 00 00000000 0 0 0 00000000 00000000 00000000 0 0 10  00001800 0 00000000 00000044 0 0
1 300 00 00000000 0 0 0 00000000 00000000 00000000 0 0 10  xxxxxxxx x xxxxxxxx xxxxxxxx x 1
1 300 00 00000008 1 1 0 00000000 00000000 00000000 0 0 00  00001800 0 00000000 00000044 0 0
1 300 00 00000008 1 1 0 00000000 00000000 00000000 0 0 00  xxxxxxxx x xxxxxxxx xxxxxxxx x 1
1 304 00 00000000 1 1 0 00000000 00000000 00000000 0 0 00  00000800 0 00000000 00000044 0 0
1 304 00 00000000 1 1 0 00000000 00000000 00000000 0 0 00  xxxxxxxx x xxxxxxxx xxxxxxxx x 1
1 300 00 00000000 0 0 0 00000000 00000000 00000000 0 0 00  00001808 0 00000000 00000044 0 0
1 300 00 00000000 0 0 0 00000000 00000000 00000000 0 0 00  xxxxxxxx x xxxxxxxx xxxxxxxx x 1
1 300 00 00000000 0 0 0 00000000 00000000 00000000 0 0 01  00001808 0 00000000 00000044 0 0
1 300 00 00000000 0 0 0 00000000 00000000 00000000 0 0 01  xxxxxxxx x xxxxxxxx xxxxxxxx x 1
1 300 00 00000000 0 0 0 00000000 00000000 00000000 0 0 10  00001808 0 00000000 00000044 0 0
1 300 00 00000000 0 0 0 00000000 00000000 00000000 0 0 10  xxxxxxxx x xxxxxxxx xxxxxxxx x 1
1 300 00 00000008 1 1 0 00000000 00000000 00000000 0 0 00  00001808 0 00000000 00000044 0 0
1 300 00 00000008 1 1 0 00000000 00000000 00000000 0 0 00  xxxxxxxx x xxxxxxxx xxxxxxxx x 1
1 304 00 00000800 1 1 0 00000000 00000000 00000000 0 0 00  00000000 0 00000000 00000044 0 0
1 304 00 00000800 1 1 0 00000000 00000000 00000000 0 0 00  xxxxxxxx x xxxxxxxx xxxxxxxx x 1
1 300 00 00000000 0 0 0 00000000 00000000 00000000 0 0 00  00001808 0 00000000 00000044 0 0
1 300 00 00000000 0 0 0 00000000 00000000 00000000 0 0 00  xxxxxxxx x xxxxxxxx xxxxxxxx x 1
1 300 00 00000000 0 0 0 00000000 00000000 00000000 0 0 01  00001808 0 00000000 00000044 1 0
1 300 00 00000000 0 0 0 00000000 00000000 00000000 0 0 01  xxxxxxxx x xxxxxxxx xxxxxxxx x 1
1 300 00 00000000 0 0 0 00000000 00000000 00000000 0 0 10  00001808 0 00000000 00000044 1 0
1 300 00 00000000 0 0 0 00000000 00000000 00000000 0 0 10  xxxxxxxx x xxxxxxxx xxxxxxxx x 1
// counters: writes to either half replace it and suppress the increment in that cycle
1 B00 00 FFFFFFFE 1 1 0 00000000 00000000 00000000 0 0 00  0000008C 0 00000000 00000044 0 0
1 B00 00 FFFFFFFE 1 1 0 00000000 00000000 00000000 0 0 00  xxxxxxxx x xxxxxxxx xxxxxxxx x 1
1 B00 00 00000000 0 0 0 00000000 00000000 00000000 0 0 00  FFFFFFFE 0 00000000 00000044 0 0
1 B00 00 00000000 0 0 0 00000000 00000000 00000000 0 0 00  xxxxxxxx x xxxxxxxx xxxxxxxx x 1
1 B00 00 00000000 0 0 0 00000000 00000000 00000000 0 0 00  FFFFFFFF 0 00000000 00000044 0 0
1 B00 00 00000000 0 0 0 00000000 00000000 00000000 0 0 00  xxxxxxxx x xxxxxxxx xxxxxxxx x 1
1 B80 00 00000000 0 0 0 00000000 00000000 00000000 0 0 00  00000001 0 00000000 00000044 0 0
1 B80 00 00000000 0 0 0 00000000 00000000 00000000 0 0 00  xxxxxxxx x xxxxxxxx xxxxxxxx x 1
1 C80 00 00000000 0 0 0 00000000 00000000 00000000 0 0 00  00000001 0 00000000 00000044 0 0
1 C80 00 00000000 0 0 0 00000000 00000000 00000000 0 0 00  xxxxxxxx x xxxxxxxx xxxxxxxx x 1
1 C81 00 00000000 0 0 0 00000000 00000000 00000000 0 0 00  00000001 0 00000000 00000044 0 0
1 C81 00 00000000 0 0 0 00000000 00000000 00000000 0 0 00  xxxxxxxx x xxxxxxxx xxxxxxxx x 1
1 B80 00 00000007 1 1 0 00000000 00000000 00000000 0 0 00  00000001 0 00000000 00000044 0 0
1 B80 00 00000007 1 1 0 00000000 00000000 00000000 0 0 00  xxxxxxxx x xxxxxxxx xxxxxxxx x 1
1 B80 00 00000000 0 0 0 00000000 00000000 00000000 0 0 00  00000007 0 00000000 00000044 0 0
1 B80 00 00000000 0 0 0 00000000 00000000 00000000 0 0 00  xxxxxxxx x xxxxxxxx xxxxxxxx x 1
1 C00 00 00000000 0 0 0 00000000 00000000 00000000 0 0 00  00000004 0 00000000 00000044 0 0
1 C00 00 00000000 0 0 0 00000000 00000000 00000000 0 0 00  xxxxxxxx x xxxxxxxx xxxxxxxx x 1
1 C01 00 00000000 0 0 0 00000000 00000000 00000000 0 0 00  00000005 0 00000000 00000044 0 0
1 C01 00 00000000 0 0 0 00000000 00000000 00000000 0 0 00  xxxxxxxx x xxxxxxxx xxxxxxxx x 1
1 B02 00 FFFFFFFF 1 1 0 00000000 00000000 00000000 0 0 00  00000000 0 00000000 00000044 0 0
1 B02 00 FFFFFFFF 1 1 0 00000000 00000000 00000000 0 0 00  xxxxxxxx x xxxxxxxx xxxxxxxx x 1
1 B02 00 00000000 0 0 0 00000000 00000000 00000000 0 0 00  FFFFFFFF 0 00000000 00000044 0 0
1 B02 00 00000000 0 0 0 00000000 00000000 00000000 0 0 00  xxxxxxxx x xxxxxxxx xxxxxxxx x 1
1 B02 00 00000000 0 0 0 00000000 00000000 00000000 0 1 00  FFFFFFFF 0 00000000 00000044 0 0
1 B02 00 00000000 0 0 0 00000000 00000000 00000000 0 1 00  xxxxxxxx x xxxxxxxx xxxxxxxx x 1
1 B82 00 00000000 0 0 0 00000000 00000000 00000000 0 0 00  00000001 0 00000000 00000044 0 0
1 B82 00 00000000 0 0 0 00000000 00000000 00000000 0 0 00  xxxxxxxx x xxxxxxxx xxxxxxxx x 1
1 C82 00 00000000 0 0 0 00000000 00000000 00000000 0 0 00  00000001 0 00000000 00000044 0 0
1 C82 00 00000000 0 0 0 00000000 00000000 00000000 0 0 00  xxxxxxxx x xxxxxxxx xxxxxxxx x 1
1 C02 00 00000000 0 0 0 00000000 00000000 00000000 0 1 00  00000000 0 00000000 00000044 0 0
1 C02 00 00000000 0 0 0 00000000 00000000 00000000 0 1 00  xxxxxxxx x xxxxxxxx xxxxxxxx x 1
1 C02 00 00000000 0 0 0 00000000 00000000 00000000 0 1 00  00000001 0 00000000 00000044 0 0
1 C02 00 00000000 0 0 0 00000000 00000000 00000000 0 1 00  xxxxxxxx x xxxxxxxx xxxxxxxx x 1
1 C02 00 00000000 0 0 0 00000000 00000000 00000000 0 1 00  00000002 0 00000000 00000044 0 0
1 C02 00 00000000 0 0 0 00000000 00000000 00000000 0 1 00  xxxxxxxx x xxxxxxxx xxxxxxxx x 1
1 C02 00 00000000 0 0 0 00000000 00000000 00000000 0 0 00  00000003 0 00000000 00000044 0 0
1 C02 00 00000000 0 0 0 00000000 00000000 00000000 0 0 00  xxxxxxxx x xxxxxxxx xxxxxxxx x 1
1 B82 00 00000100 1 1 0 00000000 00000000 00000000 0 0 00  00000001 0 00000000 00000044 0 0
1 B82 00 00000100 1 1 0 00000000 00000000 00000000 0 0 00  xxxxxxxx x xxxxxxxx xxxxxxxx x 1
1 B82 00 00000200 1 1 0 00000000 00000000 00000000 0 1 00  00000100 0 00000000 00000044 0 0
1 B82 00 00000200 1 1 0 00000000 00000000 00000000 0 1 00  xxxxxxxx x xxxxxxxx xxxxxxxx x 1
1 B82 00 00000000 0 0 0 00000000 00000000 00000000 0 0 00  00000200 0 00000000 00000044 0 0
1 B82 00 00000000 0 0 0 00000000 00000000 00000000 0 0 00  xxxxxxxx x xxxxxxxx xxxxxxxx x 1
1 B02 00 00000000 0 0 0 00000000 00000000 00000000 0 0 00  00000003 0 00000000 00000044 0 0
1 B02 00 00000000 0 0 0 00000000 00000000 00000000 0 0 00  xxxxxxxx x xxxxxxxx xxxxxxxx x 1
// random sequence
1 C02 01 FE03E2CD 1 0 0 00000003 AE7E52B0 1B58E332 0 1 01  00000003 1 00000000 00000044 1 0
1 C02 01 FE03E2CD 1 0 0 00000003 AE7E52B0 1B58E332 0 1 01  xxxxxxxx x xxxxxxxx xxxxxxxx x 1
1 C01 01 00000000 1 0 0 0000000B 9D795E71 323F28F4 0 0 01  00000014 1 00000000 00000044 1 0
1 C01 01 00000000 1 0 0 0000000B 9D795E71 323F28F4 0 0 01  xxxxxxxx x xxxxxxxx xxxxxxxx x 1
1 304 01 345E32E3 1 1 0 00000006 091A5D19 B2328A1C 0 0 00  00000800 0 00000000 00000044 0 0
1 304 01 345E32E3 1 1 0 00000006 091A5D19 B2328A1C 0 0 00  xxxxxxxx x xxxxxxxx xxxxxxxx x 1
1 344 10 00000000 0 0 0 00000002 9626B8B5 21A42789 0 1 01  00000800 0 00000000 00000044 1 0
1 344 10 00000000 0 0 0 00000002 9626B8B5 21A42789 0 1 01  xxxxxxxx x xxxxxxxx xxxxxxxx x 1
1 341 10 86FFA6F2 1 1 1 00000004 A1E3C723 C167F24A 0 1 10  00000044 0 00000000 00000044 1 0
1 341 10 86FFA6F2 1 1 1 00000004 A1E3C723 C167F24A 0 1 10  xxxxxxxx x xxxxxxxx xxxxxxxx x 1
1 C03 01 91B87B38 1 0 0 00000002 7B0E2D00 A1FF5636 1 1 10  00000000 1 00000000 A1E3C722 0 0
1 C03 01 91B87B38 1 0 0 00000002 7B0E2D00 A1FF5636 1 1 10  xxxxxxxx x xxxxxxxx xxxxxxxx x 1
1 342 10 00000000 0 0 0 8000000B 1C1F6987 5571740A 0 1 10  00000004 0 00000000 A1E3C722 1 0
1 342 10 00000000 0 0 0 8000000B 1C1F6987 5571740A 0 1 10  xxxxxxxx x xxxxxxxx xxxxxxxx x 1
1 C01 00 7E100785 0 0 0 0000000B 6C3752A3 BD4B6693 0 0 11  0000001A 0 00000000 A1E3C722 1 0
1 C01 00 7E100785 0 0 0 0000000B 6C3752A3 BD4B6693 0 0 11  xxxxxxxx x xxxxxxxx xxxxxxxx x 1
1 B82 01 00004000 1 1 0 00000000 76142AD7 B9708B8D 0 1 01  00000200 0 00000000 A1E3C722 1 0
1 B82 01 00004000 1 1 0 00000000 76142AD7 B9708B8D 0 1 01  xxxxxxxx x xxxxxxxx xxxxxxxx x 1
1 F11 10 FFFFFFFF 1 0 0 00000006 8ED3BDCE C5BBA1D1 1 1 11  00000000 1 00000000 A1E3C722 1 0
1 F11 10 FFFFFFFF 1 0 0 00000006 8ED3BDCE C5BBA1D1 1 1 11  xxxxxxxx x xxxxxxxx xxxxxxxx x 1
1 C81 01 00000000 1 0 0 00000004 023D32DA 6B2FAC75 0 1 10  00000007 1 00000000 A1E3C722 1 0
1 C81 01 00000000 1 0 0 00000004 023D32DA 6B2FAC75 0 1 10  xxxxxxxx x xxxxxxxx xxxxxxxx x 1
1 C02 10 00000000 1 0 0 00000003 EF1D3B10 E99D25FF 0 0 01  0000000A 1 00000000 A1E3C722 1 0
1 C02 10 00000000 1 0 0 00000003 EF1D3B10 E99D25FF 0 0 01  xxxxxxxx x xxxxxxxx xxxxxxxx x 1
1 C03 10 A85CE3BB 0 0 0 8000000B 1C95A4E8 2121FAEC 0 0 00  00000000 1 00000000 A1E3C722 0 0
1 C03 10 A85CE3BB 0 0 0 8000000B 1C95A4E8 2121FAEC 0 0 00  xxxxxxxx x xxxxxxxx xxxxxxxx x 1
1 341 00 00800000 1 1 0 00000003 7BF40167 ABD53F65 1 0 01  A1E3C722 0 00000000 A1E3C722 1 0
1 341 00 00800000 1 1 0 00000003 7BF40167 ABD53F65 1 0 01  xxxxxxxx x xxxxxxxx xxxxxxxx x 1
1 C81 00 00008000 1 0 0 00000004 A5E488FA EC22FED8 0 0 11  00000007 1 00000000 A1E3C722 1 0
1 C81 00 00008000 1 0 0 00000004 A5E488FA EC22FED8 0 0 11  xxxxxxxx x xxxxxxxx xxxxxxxx x 1
1 B00 00 00000080 1 1 0 00000004 1E4A2617 360EDB4F 0 0 00  00000022 0 00000000 A1E3C722 0 0
1 B00 00 00000080 1 1 0 00000004 1E4A2617 360EDB4F 0 0 00  xxxxxxxx x xxxxxxxx xxxxxxxx x 1
1 000 10 00000000 0 0 0 00000002 85B98C43 417A3A3F 0 1 10  00000000 1 00000000 A1E3C722 1 0
1 000 10 00000000 0 0 0 00000002 85B98C43 417A3A3F 0 1 10  xxxxxxxx x xxxxxxxx xxxxxxxx x 1
1 F14 01 10000000 0 0 0 00000006 40C4DD66 29174812 0 0 10  00000000 0 00000000 A1E3C722 1 0
1 F14 01 10000000 0 0 0 00000006 40C4DD66 29174812 0 0 10  xxxxxxxx x xxxxxxxx xxxxxxxx x 1
1 F11 10 FD938A88 1 0 0 8000000B 67366067 BA8D67C2 0 0 10  00000000 1 00000000 A1E3C722 1 0
1 F11 10 FD938A88 1 0 0 8000000B 67366067 BA8D67C2 0 0 10  xxxxxxxx x xxxxxxxx xxxxxxxx x 1
1 342 01 FFFFFFFF 1 1 1 00000000 31528BE4 3AED4E94 0 1 01  00000004 0 00000000 A1E3C722 1 0
1 342 01 FFFFFFFF 1 1 1 00000000 31528BE4 3AED4E94 0 1 01  xxxxxxxx x xxxxxxxx xxxxxxxx x 1
1 C02 01 FFFFFFFF 1 0 0 00000003 8E2CAB62 E0BF04E5 1 1 00  0000000C 1 00000000 31528BE4 0 0
1 C02 01 FFFFFFFF 1 0 0 00000003 8E2CAB62 E0BF04E5 1 1 00  xxxxxxxx x xxxxxxxx xxxxxxxx x 1
1 7C0 01 7CF459DD 1 0 0 0000000B BB686724 3CE6646C 0 1 11  00000000 1 00000000 31528BE4 1 0
1 7C0 01 7CF459DD 1 0 0 0000000B BB686724 3CE6646C 0 1 11  xxxxxxxx x xxxxxxxx xxxxxxxx x 1
1 F14 10 00000000 0 0 0 00000000 A44EF6FF 3F3EE4E9 0 1 10  00000000 0 00000000 31528BE4 1 0
1 F14 10 00000000 0 0 0 00000000 A44EF6FF 3F3EE4E9 0 1 10  xxxxxxxx x xxxxxxxx xxxxxxxx x 1
1 C03 01 FFFFFFFF 1 0 0 00000004 44F89379 9C0F12B3 0 1 10  00000000 1 00000000 31528BE4 1 0
1 C03 01 FFFFFFFF 1 0 0 00000004 44F89379 9C0F12B3 0 1 10  xxxxxxxx x xxxxxxxx xxxxxxxx x 1
1 F14 00 00200000 1 0 0 8000000B D88C038A 25A7FE3E 0 1 00  00000000 1 00000000 31528BE4 0 0
1 F14 00 00200000 1 0 0 8000000B D88C038A 25A7FE3E 0 1 00  xxxxxxxx x xxxxxxxx xxxxxxxx x 1
1 300 00 00000000 0 0 0 00000006 E4EE787D 8DC243E4 0 1 00  00001888 0 00000000 31528BE4 0 0
1 300 00 00000000 0 0 0 00000006 E4EE787D 8DC243E4 0 1 00  xxxxxxxx x xxxxxxxx xxxxxxxx x 1
1 B82 10 00000000 1 1 0 00000002 0A0B7878 E7C7C1D7 0 0 10  00004200 0 00000000 31528BE4 1 0
1 B82 10 00000000 1 1 0 00000002 0A0B7878 E7C7C1D7 0 0 10  xxxxxxxx x xxxxxxxx xxxxxxxx x 1
1 C81 01 00000080 0 0 0 00000002 CCB6ACBD F9B673F6 0 1 01  00000007 0 00000000 31528BE4 1 0
1 C81 01 00000080 0 0 0 00000002 CCB6ACBD F9B673F6 0 1 01  xxxxxxxx x xxxxxxxx xxxxxxxx x 1
1 F14 00 FFFFFFFF 0 0 1 00000000 2E43003A 74D6337E 0 1 00  00000000 0 00000000 31528BE4 0 0
1 F14 00 FFFFFFFF 0 0 1 00000000 2E43003A 74D6337E 0 1 00  xxxxxxxx x xxxxxxxx xxxxxxxx x 1
1 C01 01 FFFFFFFF 1 0 1 00000004 2C1906E7 EA156F8A 0 1 10  0000008D 1 00000000 2E43003A 0 0
1 C01 01 FFFFFFFF 1 0 1 00000004 2C1906E7 EA156F8A 0 1 10  xxxxxxxx x xxxxxxxx xxxxxxxx x 1
1 344 00 00200000 1 1 0 8000000B B0883B34 468CBF90 0 1 00  00000000 0 00000000 2C1906E6 0 0
1 344 00 00200000 1 1 0 8000000B B0883B34 468CBF90 0 1 00  xxxxxxxx x xxxxxxxx xxxxxxxx x 1
1 7C0 01 B6462BBD 0 0 0 00000004 1CA65462 FA80CFAF 0 1 11  00000000 1 00000000 2C1906E6 0 0
1 7C0 01 B6462BBD 0 0 0 00000004 1CA65462 FA80CFAF 0 1 11  xxxxxxxx x xxxxxxxx xxxxxxxx x 1
1 C81 00 00000000 1 0 0 00000003 88E871AB 37698113 0 0 00  00000007 1 00000000 2C1906E6 0 0
1 C81 00 00000000 1 0 0 00000003 88E871AB 37698113 0 0 00  xxxxxxxx x xxxxxxxx xxxxxxxx x 1
1 301 10 00010000 1 1 0 00000002 05AAB281 1D51D2E0 0 1 11  40001104 0 00000000 2C1906E6 0 0
1 301 10 00010000 1 1 0 00000002 05AAB281 1D51D2E0 0 1 11  xxxxxxxx x xxxxxxxx xxxxxxxx x 1
1 C81 01 00000000 1 0 0 00000006 04B9BB9D AC47AC2E 0 0 01  00000007 1 00000000 2C1906E6 0 0
1 C81 01 00000000 1 0 0 00000006 04B9BB9D AC47AC2E 0 0 01  xxxxxxxx x xxxxxxxx xxxxxxxx x 1
1 7C0 00 90E3023E 0 0 0 8000000B 3BD18360 FFC4E83F 0 0 10  00000000 1 00000000 2C1906E6 0 0
1 7C0 00 90E3023E 0 0 0 8000000B 3BD18360 FFC4E83F 0 0 10  xxxxxxxx x xxxxxxxx xxxxxxxx x 1
1 300 10 4CC74AE9 0 0 1 0000000B EA156A40 D5DE3F06 0 1 01  00001800 0 00000000 2C1906E6 0 0
1 300 10 4CC74AE9 0 0 1 0000000B EA156A40 D5DE3F06 0 1 01  xxxxxxxx x xxxxxxxx xxxxxxxx x 1
1 344 01 00000000 1 1 0 00000004 9914AEDF 1400F90F 0 1 00  00000000 0 00000000 EA156A40 0 0
1 344 01 00000000 1 1 0 00000004 9914AEDF 1400F90F 0 1 00  xxxxxxxx x xxxxxxxx xxxxxxxx x 1
1 F11 01 FFFFFFFF 1 0 0 0000000B E715A7C9 1871888D 0 1 00  00000000 1 00000000 EA156A40 0 0
1 F11 01 FFFFFFFF 1 0 0 0000000B E715A7C9 1871888D 0 1 00  xxxxxxxx x xxxxxxxx xxxxxxxx x 1
1 C01 10 80000000 1 0 0 00000006 E358EA56 1D71D955 0 1 00  00000097 1 00000000 EA156A40 0 0
1 C01 10 80000000 1 0 0 00000006 E358EA56 1D71D955 0 1 00  xxxxxxxx x xxxxxxxx xxxxxxxx x 1
1 B80 10 FFFFFFFF 1 1 0 00000004 0377A3A3 4F69D6A9 0 0 11  00000007 0 00000000 EA156A40 0 0
1 B80 10 FFFFFFFF 1 1 0 00000004 0377A3A3 4F69D6A9 0 0 11  xxxxxxxx x xxxxxxxx xxxxxxxx x 1
1 C00 01 FFFFFFFF 0 0 0 00000003 4B131861 FB644E56 0 0 11  00000098 0 00000000 EA156A40 0 0
1 C00 01 FFFFFFFF 0 0 0 00000003 4B131861 FB644E56 0 0 11  xxxxxxxx x xxxxxxxx xxxxxxxx x 1
1 C80 01 FFFFFFFF 1 0 0 00000004 D7EEDA78 181437DC 0 1 10  00000000 1 00000000 EA156A40 0 0
1 C80 01 FFFFFFFF 1 0 0 00000004 D7EEDA78 181437DC 0 1 10  xxxxxxxx x xxxxxxxx xxxxxxxx x 1
1 C80 10 FFFFFFFF 1 0 0 00000006 F4C92105 FC9B3A6A 0 1 01  00000000 1 00000000 EA156A40 0 0
1 C80 10 FFFFFFFF 1 0 0 00000006 F4C92105 FC9B3A6A 0 1 01  xxxxxxxx x xxxxxxxx xxxxxxxx x 1
1 000 01 00008000 1 0 0 0000000B 21E9FA26 E02075E8 0 0 01  00000000 1 00000000 EA156A40 0 0
1 000 01 00008000 1 0 0 0000000B 21E9FA26 E02075E8 0 0 01  xxxxxxxx x xxxxxxxx xxxxxxxx x 1
1 340 01 EA9DE4A9 1 1 0 00000006 CB485F10 652F675B 0 0 10  11111111 0 00000000 EA156A40 0 0
1 340 01 EA9DE4A9 1 1 0 00000006 CB485F10 652F675B 0 0 10  xxxxxxxx x xxxxxxxx xxxxxxxx x 1
1 341 00 29CDDC3C 1 1 0 00000003 9BA4F590 FB6604E5 0 0 00  EA156A40 0 00000000 EA156A40 0 0
1 341 00 29CDDC3C 1 1 0 00000003 9BA4F590 FB6604E5 0 0 00  xxxxxxxx x xxxxxxxx xxxxxxxx x 1
1 344 00 00000000 0 0 0 0000000B F3F337A0 6F2D38D2 0 1 10  00000800 0 00000000 29CDDC3C 0 0
1 344 00 00000000 0 0 0 0000000B F3F337A0 6F2D38D2 0 1 10  xxxxxxxx x xxxxxxxx xxxxxxxx x 1
1 7C0 01 2EBE2287 0 0 0 00000006 465EEABE A7C7419B 1 0 01  00000000 1 00000000 29CDDC3C 0 0
1 7C0 01 2EBE2287 0 0 0 00000006 465EEABE A7C7419B 1 0 01  xxxxxxxx x xxxxxxxx xxxxxxxx x 1
1 C81 00 00000000 0 0 0 00000000 B28143DB 8FC03386 0 0 10  00000000 0 00000000 29CDDC3C 0 0
1 C81 00 00000000 0 0 0 00000000 B28143DB 8FC03386 0 0 10  xxxxxxxx x xxxxxxxx xxxxxxxx x 1
1 F14 10 00040000 1 0 0 00000000 846F0EF6 166B01F0 0 0 10  00000000 1 00000000 29CDDC3C 0 0
1 F14 10 00040000 1 0 0 00000000 846F0EF6 166B01F0 0 0 10  xxxxxxxx x xxxxxxxx xxxxxxxx x 1
1 B02 01 00000002 1 1 1 00000006 70A55DB9 F3BA8747 0 1 11  0000001F 0 00000000 29CDDC3C 0 0
1 B02 01 00000002 1 1 1 00000006 70A55DB9 F3BA8747 0 1 11  xxxxxxxx x xxxxxxxx xxxxxxxx x 1
1 C81 10 00000000 0 0 1 00000003 9B2C3947 A69DCFB8 0 0 10  00000000 0 00000000 70A55DB8 0 0
1 C81 10 00000000 0 0 1 00000003 9B2C3947 A69DCFB8 0 0 10  xxxxxxxx x xxxxxxxx xxxxxxxx x 1
1 C03 10 A51CFDB4 0 0 0 00000004 1407586E FCB0074A 0 1 01  00000000 1 00000000 9B2C3946 0 0
1 C03 10 A51CFDB4 0 0 0 00000004 1407586E FCB0074A 0 1 01  xxxxxxxx x xxxxxxxx xxxxxxxx x 1
1 C01 01 00000000 1 0 0 00000003 15623B60 FDF84A06 0 1 00  000000A5 1 00000000 9B2C3946 0 0
1 C01 01 00000000 1 0 0 00000003 15623B60 FDF84A06 0 1 00  xxxxxxxx x xxxxxxxx xxxxxxxx x 1
1 F14 00 FFFFFFFF 1 0 0 00000000 BAF6198A 591B72F2 0 0 11  00000000 1 00000000 9B2C3946 0 0
1 F14 00 FFFFFFFF 1 0 0 00000000 BAF6198A 591B72F2 0 0 11  xxxxxxxx x xxxxxxxx xxxxxxxx x 1
1 F14 10 00080000 1 0 0 00000002 F47DF4AB 1B7ADD87 0 0 01  00000000 1 00000000 9B2C3946 0 0
1 F14 10 00080000 1 0 0 00000002 F47DF4AB 1B7ADD87 0 0 01  xxxxxxxx x xxxxxxxx xxxxxxxx x 1
1 7C0 01 00000000 1 0 0 0000000B 50F92300 A344FC17 0 1 01  00000000 1 00000000 9B2C3946 0 0
1 7C0 01 00000000 1 0 0 0000000B 50F92300 A344FC17 0 1 01  xxxxxxxx x xxxxxxxx xxxxxxxx x 1
1 342 00 7AF466A0 0 0 0 8000000B 3432D5C4 5FD18B6D 0 0 11  00000003 0 00000000 9B2C3946 0 0
1 342 00 7AF466A0 0 0 0 8000000B 3432D5C4 5FD18B6D 0 0 11  xxxxxxxx x xxxxxxxx xxxxxxxx x 1
1 340 00 4FD6BB74 0 0 0 00000004 6EA58500 E91BC7A1 0 1 01  FB9DF5B9 0 00000000 9B2C3946 0 0
1 340 00 4FD6BB74 0 0 0 00000004 6EA58500 E91BC7A1 0 1 01  xxxxxxxx x xxxxxxxx xxxxxxxx x 1
1 301 10 69CB3F0D 1 0 1 00000003 05607AC7 3A6010C7 0 0 11  40001104 0 00000000 9B2C3946 0 0
1 301 10 69CB3F0D 1 0 1 00000003 05607AC7 3A6010C7 0 0 11  xxxxxxxx x xxxxxxxx xxxxxxxx x 1
1 C01 00 FFFFFFFF 0 0 0 8000000B 3359677F BFCB9771 0 1 10  000000AC 0 00000000 05607AC6 0 0
1 C01 00 FFFFFFFF 0 0 0 8000000B 3359677F BFCB9771 0 1 10  xxxxxxxx x xxxxxxxx xxxxxxxx x 1
1 B00 10 07E15266 1 1 0 00000002 3AAC3A40 53A563D3 0 0 10  000000AD 0 00000000 05607AC6 0 0
1 B00 10 07E15266 1 1 0 00000002 3AAC3A40 53A563D3 0 0 10  xxxxxxxx x xxxxxxxx xxxxxxxx x 1
1 C81 10 FFFFFFFF 1 0 0 00000006 248530C4 EA184398 1 0 00  00000000 1 00000000 05607AC6 0 0
1 C81 10 FFFFFFFF 1 0 0 00000006 248530C4 EA184398 1 0 00  xxxxxxxx x xxxxxxxx xxxxxxxx x 1
1 340 00 5994BCCC 1 1 0 00000000 70896A1F 8B179E32 0 0 11  FB9DF5B9 0 00000000 05607AC6 0 0
1 340 00 5994BCCC 1 1 0 00000000 70896A1F 8B179E32 0 0 11  xxxxxxxx x xxxxxxxx xxxxxxxx x 1
1 C03 00 41695714 1 0 1 00000006 4E9D2F31 73DE7AC1 0 0 00  00000000 1 00000000 05607AC6 0 0
1 C03 00 41695714 1 0 1 00000006 4E9D2F31 73DE7AC1 0 0 00  xxxxxxxx x xxxxxxxx xxxxxxxx x 1
1 344 10 FFFFFFFF 0 0 0 00000006 FC8C934C 0D71FCCD 0 1 10  00000800 0 00000000 4E9D2F30 0 0
1 344 10 FFFFFFFF 0 0 0 00000006 FC8C934C 0D71FCCD 0 1 10  xxxxxxxx x xxxxxxxx xxxxxxxx x 1
1 C02 10 FFFFFFFF 0 0 0 0000000B 0E1B97AF 8CC69EA1 0 1 01  00000025 0 00000000 4E9D2F30 0 0
1 C02 10 FFFFFFFF 0 0 0 0000000B 0E1B97AF 8CC69EA1 0 1 01  xxxxxxxx x xxxxxxxx xxxxxxxx x 1
1 C01 00 00100000 1 0 0 00000006 20141522 6FCD9967 0 1 00  0000008E 1 00000000 4E9D2F30 0 0
1 C01 00 00100000 1 0 0 00000006 20141522 6FCD9967 0 1 00  xxxxxxxx x xxxxxxxx xxxxxxxx x 1
1 300 00 00000100 0 0 0 00000006 D1BAE007 06A7E06A 0 1 00  00001800 0 00000000 4E9D2F30 0 0
1 300 00 00000100 0 0 0 00000006 D1BAE007 06A7E06A 0 1 00  xxxxxxxx x xxxxxxxx xxxxxxxx x 1
1 C01 10 FFFFFFFF 0 0 0 8000000B 6811A1B8 01AF78AE 0 0 01  00000090 0 00000000 4E9D2F30 0 0
1 C01 10 FFFFFFFF 0 0 0 8000000B 6811A1B8 01AF78AE 0 0 01  xxxxxxxx x xxxxxxxx xxxxxxxx x 1
1 B80 00 FFFFFFFF 0 0 0 00000002 37FABF7B 1B740067 0 0 10  00000000 0 00000000 4E9D2F30 0 0
1 B80 00 FFFFFFFF 0 0 0 00000002 37FABF7B 1B740067 0 0 10  xxxxxxxx x xxxxxxxx xxxxxxxx x 1
1 301 00 00000000 1 1 0 00000002 0B2676F1 435EDE36 0 0 10  40001104 0 00000000 4E9D2F30 0 0
1 301 00 00000000 1 1 0 00000002 0B2676F1 435EDE36 0 0 10  xxxxxxxx x xxxxxxxx xxxxxxxx x 1
1 F11 00 FFFFFFFF 0 0 0 00000006 9B5D614B 148C1BDF 1 1 10  00000000 0 00000000 4E9D2F30 0 0
1 F11 00 FFFFFFFF 0 0 0 00000006 9B5D614B 148C1BDF 1 1 10  xxxxxxxx x xxxxxxxx xxxxxxxx x 1
1 F13 00 04000000 1 0 0 00000003 AF0F1439 89B127AB 0 0 11  00000000 1 00000000 4E9D2F30 0 0
1 F13 00 04000000 1 0 0 00000003 AF0F1439 89B127AB 0 0 11  xxxxxxxx x xxxxxxxx xxxxxxxx x 1
1 304 00 00000000 1 1 0 0000000B 87D95DBA BD304B2A 0 1 11  00000800 0 00000000 4E9D2F30 0 0
1 304 00 00000000 1 1 0 0000000B 87D95DBA BD304B2A 0 1 11  xxxxxxxx x xxxxxxxx xxxxxxxx x 1
1 341 00 FFFFFFFF 0 0 0 00000000 F1A4A38F F5FD2C89 0 0 01  4E9D2F30 0 00000000 4E9D2F30 0 0
1 341 00 FFFFFFFF 0 0 0 00000000 F1A4A38F F5FD2C89 0 0 01  xxxxxxxx x xxxxxxxx xxxxxxxx x 1
1 C01 10 CBDBAD66 1 0 0 00000004 C77CA5F4 0FAB8B97 0 0 00  00000097 1 00000000 4E9D2F30 0 0
1 C01 10 CBDBAD66 1 0 0 00000004 C77CA5F4 0FAB8B97 0 0 00  xxxxxxxx x xxxxxxxx xxxxxxxx x 1
1 F11 10 00000040 0 0 0 0000000B 3491D849 2775A063 0 0 11  00000000 0 00000000 4E9D2F30 0 0
1 F11 10 00000040 0 0 0 0000000B 3491D849 2775A063 0 0 11  xxxxxxxx x xxxxxxxx xxxxxxxx x 1
1 B80 00 00000000 1 1 0 00000003 6B91D916 9871291D 0 0 10  00000000 0 00000000 4E9D2F30 0 0
1 B80 00 00000000 1 1 0 00000003 6B91D916 9871291D 0 0 10  xxxxxxxx x xxxxxxxx xxxxxxxx x 1
1 341 10 00000000 0 0 0 00000003 8F30ABFD 5B0E09D1 0 0 00  4E9D2F30 0 00000000 4E9D2F30 0 0
1 341 10 00000000 0 0 0 00000003 8F30ABFD 5B0E09D1 0 0 00  xxxxxxxx x xxxxxxxx xxxxxxxx x 1
1 F12 00 00000008 1 0 0 8000000B C6D6291F AF7CB2A6 0 1 11  00000000 1 00000000 4E9D2F30 0 0
1 F12 00 00000008 1 0 0 8000000B C6D6291F AF7CB2A6 0 1 11  xxxxxxxx x xxxxxxxx xxxxxxxx x 1
1 F14 10 0740D064 1 0 0 8000000B 9B76BF17 11CE86F1 1 1 00  00000000 1 00000000 4E9D2F30 0 0
1 F14 10 0740D064 1 0 0 8000000B 9B76BF17 11CE86F1 1 1 00  xxxxxxxx x xxxxxxxx xxxxxxxx x 1
1 305 10 00000010 1 1 0 00000002 C4139DCE FF13E0AC 0 0 10  00000000 0 00000000 4E9D2F30 0 0
1 305 10 00000010 1 1 0 00000002 C4139DCE FF13E0AC 0 0 10  xxxxxxxx x xxxxxxxx xxxxxxxx x 1
1 C02 10 FFFFFFFF 1 0 0 00000006 A7FD780C 88BC78AB 0 1 10  0000002C 1 00000000 4E9D2F30 0 0
1 C02 10 FFFFFFFF 1 0 0 00000006 A7FD780C 88BC78AB 0 1 10  xxxxxxxx x xxxxxxxx xxxxxxxx x 1
1 B82 01 00100000 1 1 0 00000002 5D6011C3 34604D4C 0 0 11  00004200 0 00000000 4E9D2F30 0 0
1 B82 01 00100000 1 1 0 00000002 5D6011C3 34604D4C 0 0 11  xxxxxxxx x xxxxxxxx xxxxxxxx x 1
1 C03 01 00000000 0 0 0 00000004 5BA71F00 D3EA3E91 0 1 11  00000000 1 00000000 4E9D2F30 0 0
1 C03 01 00000000 0 0 0 00000004 5BA71F00 D3EA3E91 0 1 11  xxxxxxxx x xxxxxxxx xxxxxxxx x 1
1 343 00 FFFFFFFF 0 0 0 8000000B 134D0832 A150D25B 0 0 00  73DE7AC1 0 00000000 4E9D2F30 0 0
1 343 00 FFFFFFFF 0 0 0 8000000B 134D0832 A150D25B 0 0 00  xxxxxxxx x xxxxxxxx xxxxxxxx x 1
1 7C0 10 00000000 1 0 0 00000004 68D12A24 D9581153 0 1 01  00000000 1 00000000 4E9D2F30 0 0
1 7C0 10 00000000 1 0 0 00000004 68D12A24 D9581153 0 1 01  xxxxxxxx x xxxxxxxx xxxxxxxx x 1
1 F11 10 00000000 0 0 0 00000003 341AD8E5 70CE0FC6 0 1 10  00000000 0 00000000 4E9D2F30 0 0
1 F11 10 00000000 0 0 0 00000003 341AD8E5 70CE0FC6 0 1 10  xxxxxxxx x xxxxxxxx xxxxxxxx x 1
1 305 10 00001000 1 1 0 0000000B FABEEBD8 4F46E567 0 1 01  00000000 0 00000000 4E9D2F30 0 0
1 305 10 00001000 1 1 0 0000000B FABEEBD8 4F46E567 0 1 01  xxxxxxxx x xxxxxxxx xxxxxxxx x 1
1 F14 10 FFFFFFFF 1 0 0 00000003 53A805DA DD82EBFD 0 0 11  00000000 1 00000000 4E9D2F30 0 0
1 F14 10 FFFFFFFF 1 0 0 00000003 53A805DA DD82EBFD 0 0 11  xxxxxxxx x xxxxxxxx xxxxxxxx x 1
1 B82 10 FFFFFFFF 1 0 0 00000000 04A1F3D4 81F78804 0 1 00  00104200 0 00000000 4E9D2F30 0 0
1 B82 10 FFFFFFFF 1 0 0 00000000 04A1F3D4 81F78804 0 1 00  xxxxxxxx x xxxxxxxx xxxxxxxx x 1
1 C80 10 FFFFFFFF 1 0 0 0000000B B585D7FB 81AFFEBF 0 1 11  00000000 1 00000000 4E9D2F30 0 0
1 C80 10 FFFFFFFF 1 0 0 0000000B B585D7FB 81AFFEBF 0 1 11  xxxxxxxx x xxxxxxxx xxxxxxxx x 1
1 300 00 C247213A 1 1 0 00000003 B461D9E3 FFAE8AA0 0 0 01  00001888 0 00000000 4E9D2F30 0 0
1 300 00 C247213A 1 1 0 00000003 B461D9E3 FFAE8AA0 0 0 01  xxxxxxxx x xxxxxxxx xxxxxxxx x 1
1 F14 10 02000000 1 0 0 00000003 5395DBEB 4A2E558A 0 1 00  00000000 1 00000000 4E9D2F30 0 0
1 F14 10 02000000 1 0 0 00000003 5395DBEB 4A2E558A 0 1 00  xxxxxxxx x xxxxxxxx xxxxxxxx x 1
1 344 01 00000000 0 0 0 00000002 8F033C7D 9DBFA20B 0 0 11  00000800 0 00000000 4E9D2F30 0 0
1 344 01 00000000 0 0 0 00000002 8F033C7D 9DBFA20B 0 0 11  xxxxxxxx x xxxxxxxx xxxxxxxx x 1
1 B00 01 FFFFFFFF 1 0 0 0000000B CCACAAFC EB73F092 0 1 01  000000AA 0 00000000 4E9D2F30 0 0
1 B00 01 FFFFFFFF 1 0 0 0000000B CCACAAFC EB73F092 0 1 01  xxxxxxxx x xxxxxxxx xxxxxxxx x 1
1 340 10 00000000 0 0 0 00000002 B7D21D66 3D240873 0 0 01  5994BCCC 0 00000000 4E9D2F30 0 0
1 340 10 00000000 0 0 0 00000002 B7D21D66 3D240873 0 0 01  xxxxxxxx x xxxxxxxx xxxxxxxx x 1
1 344 10 00400000 1 1 0 00000003 3BC91E54 E88BDD9C 0 0 11  00000800 0 00000000 4E9D2F30 0 0
1 344 10 00400000 1 1 0 00000003 3BC91E54 E88BDD9C 0 0 11  xxxxxxxx x xxxxxxxx xxxxxxxx x 1
1 302 00 00000000 1 0 0 00000004 78CE696E 365BC396 0 1 10  00000000 1 00000000 4E9D2F30 0 0
1 302 00 00000000 1 0 0 00000004 78CE696E 365BC396 0 1 10  xxxxxxxx x xxxxxxxx xxxxxxxx x 1
1 F13 10 00001000 1 0 0 00000004 D2E7C7BE 64787D2D 0 0 01  00000000 1 00000000 4E9D2F30 0 0
1 F13 10 00001000 1 0 0 00000004 D2E7C7BE 64787D2D 0 0 01  xxxxxxxx x xxxxxxxx xxxxxxxx x 1
1 B02 10 9E7DA509 0 0 0 00000003 3E8899D9 04C81867 0 1 11  00000036 0 00000000 4E9D2F30 0 0
1 B02 10 9E7DA509 0 0 0 00000003 3E8899D9 04C81867 0 1 11  xxxxxxxx x xxxxxxxx xxxxxxxx x 1
1 C02 01 80000000 1 0 0 00000000 1B16970D C51DAE90 0 0 00  00000037 1 00000000 4E9D2F30 0 0
1 C02 01 80000000 1 0 0 00000000 1B16970D C51DAE90 0 0 00  xxxxxxxx x xxxxxxxx xxxxxxxx x 1
1 C00 10 4B45B445 0 0 0 0000000B 0415F723 B349F1FD 0 0 00  000000B1 0 00000000 4E9D2F30 0 0
1 C00 10 4B45B445 0 0 0 0000000B 0415F723 B349F1FD 0 0 00  xxxxxxxx x xxxxxxxx xxxxxxxx x 1
1 B00 10 02000000 1 1 0 8000000B F1C7456E B0DB8CA4 0 1 01  000000B2 0 00000000 4E9D2F30 0 0
1 B00 10 02000000 1 1 0 8000000B F1C7456E B0DB8CA4 0 1 01  xxxxxxxx x xxxxxxxx xxxxxxxx x 1
1 302 01 20000000 1 0 0 00000003 FF190765 0EA16849 0 0 10  00000000 1 00000000 4E9D2F30 0 0
1 302 01 20000000 1 0 0 00000003 FF190765 0EA16849 0 0 10  xxxxxxxx x xxxxxxxx xxxxxxxx x 1
1 340 01 E77D0024 1 1 0 00000003 659C1CA8 3F2385CC 0 0 11  5994BCCC 0 00000000 4E9D2F30 0 0
1 340 01 E77D0024 1 1 0 00000003 659C1CA8 3F2385CC 0 0 11  xxxxxxxx x xxxxxxxx xxxxxxxx x 1
1 B80 01 FFFFFFFF 1 1 0 8000000B 66B77F39 0127F721 0 0 01  00000000 0 00000000 4E9D2F30 0 0
1 B80 01 FFFFFFFF 1 1 0 8000000B 66B77F39 0127F721 0 0 01  xxxxxxxx x xxxxxxxx xxxxxxxx x 1
1 C80 01 FFFFFFFF 0 0 0 0000000B 9281DE51 74561F2F 0 1 01  FFFFFFFF 0 00000000 4E9D2F30 0 0
1 C80 01 FFFFFFFF 0 0 0 0000000B 9281DE51 74561F2F 0 1 01  xxxxxxxx x xxxxxxxx xxxxxxxx x 1
1 C03 00 FFFFFFFF 0 0 0 00000000 8BE9D7B9 1B22FC42 0 1 11  00000000 1 00000000 4E9D2F30 0 0
1 C03 00 FFFFFFFF 0 0 0 00000000 8BE9D7B9 1B22FC42 0 1 11  xxxxxxxx x xxxxxxxx xxxxxxxx x 1
1 300 01 00000000 0 0 0 8000000B 9B6F5E6A 9DC3E43F 0 1 11  00001808 0 00000000 4E9D2F30 0 0
1 300 01 00000000 0 0 0 8000000B 9B6F5E6A 9DC3E43F 0 1 11  xxxxxxxx x xxxxxxxx xxxxxxxx x 1
1 342 00 00000200 0 0 0 00000004 E4061800 D7E6145F 0 0 00  00000006 0 00000000 4E9D2F30 0 0
1 342 00 00000200 0 0 0 00000004 E4061800 D7E6145F 0 0 00  xxxxxxxx x xxxxxxxx xxxxxxxx x 1
1 7C0 00 00000000 0 0 0 00000006 D1C1076A 99E7A6F2 0 1 11  00000000 1 00000000 4E9D2F30 0 0
1 7C0 00 00000000 0 0 0 00000006 D1C1076A 99E7A6F2 0 1 11  xxxxxxxx x xxxxxxxx xxxxxxxx x 1
1 343 10 FFFFFFFF 1 1 1 00000006 441ABD50 4D86B9A2 0 0 11  73DE7AC1 0 00000000 4E9D2F30 0 0
1 343 10 FFFFFFFF 1 1 1 00000006 441ABD50 4D86B9A2 0 0 11  xxxxxxxx x xxxxxxxx xxxxxxxx x 1
1 C02 00 6DD72199 0 0 0 00000004 18E53D6D D5980481 0 0 11  0000003C 0 00000000 441ABD50 0 0
1 C02 00 6DD72199 0 0 0 00000004 18E53D6D D5980481 0 0 11  xxxxxxxx x xxxxxxxx xxxxxxxx x 1
1 344 01 00000000 1 1 0 00000006 AD746E50 6BB5F389 0 0 11  00000800 0 00000000 441ABD50 0 0
1 344 01 00000000 1 1 0 00000006 AD746E50 6BB5F389 0 0 11  xxxxxxxx x xxxxxxxx xxxxxxxx x 1
1 342 00 FFFFFFFF 1 1 0 8000000B 3583DC87 B5BA0C27 0 1 00  00000006 0 00000000 441ABD50 0 0
1 342 00 FFFFFFFF 1 1 0 8000000B 3583DC87 B5BA0C27 0 1 00  xxxxxxxx x xxxxxxxx xxxxxxxx x 1
1 302 10 FFFFFFFF 0 0 0 00000002 33EAED41 391BF385 0 0 11  00000000 1 00000000 441ABD50 0 0
1 302 10 FFFFFFFF 0 0 0 00000002 33EAED41 391BF385 0 0 11  xxxxxxxx x xxxxxxxx xxxxxxxx x 1
1 B00 00 1FD75064 1 1 0 00000003 C93CDD46 3A8358CE 0 0 01  000000BE 0 00000000 441ABD50 0 0
1 B00 00 1FD75064 1 1 0 00000003 C93CDD46 3A8358CE 0 0 01  xxxxxxxx x xxxxxxxx xxxxxxxx x 1
1 343 01 00000000 1 1 0 00000003 AC78C10F 9DF78573 0 1 11  4D86B9A2 0 00000000 441ABD50 0 0
1 343 01 00000000 1 1 0 00000003 AC78C10F 9DF78573 0 1 11  xxxxxxxx x xxxxxxxx xxxxxxxx x 1
1 B80 01 00020000 1 1 0 00000004 70964D20 C79A06D4 0 0 11  FFFFFFFF 0 00000000 441ABD50 0 0
1 B80 01 00020000 1 1 0 00000004 70964D20 C79A06D4 0 0 11  xxxxxxxx x xxxxxxxx xxxxxxxx x 1
1 B02 10 00000000 0 0 0 00000004 A1A68473 130E4D85 0 0 10  0000003E 0 00000000 441ABD50 0 0
1 B02 10 00000000 0 0 0 00000004 A1A68473 130E4D85 0 0 10  xxxxxxxx x xxxxxxxx xxxxxxxx x 1
1 340 10 FFFFFFFF 0 0 0 0000000B 773357DE FCABD1BA 0 1 11  FFFDBCEC 0 00000000 441ABD50 0 0
1 340 10 FFFFFFFF 0 0 0 0000000B 773357DE FCABD1BA 0 1 11  xxxxxxxx x xxxxxxxx xxxxxxxx x 1
1 7C0 01 00000000 0 0 0 0000000B 1AF9740B 6CEB0801 0 0 11  00000000 1 00000000 441ABD50 0 0
1 7C0 01 00000000 0 0 0 0000000B 1AF9740B 6CEB0801 0 0 11  xxxxxxxx x xxxxxxxx xxxxxxxx x 1
1 301 01 00000010 0 0 1 00000006 464C155E 5BDD9F05 0 0 01  40001104 0 00000000 441ABD50 0 0
1 301 01 00000010 0 0 1 00000006 464C155E 5BDD9F05 0 0 01  xxxxxxxx x xxxxxxxx xxxxxxxx x 1
1 F12 00 00000010 1 0 0 00000002 102E0BBC E32F85FE 0 1 01  00000000 1 00000000 464C155E 0 0
1 F12 00 00000010 1 0 0 00000002 102E0BBC E32F85FE 0 1 01  xxxxxxxx x xxxxxxxx xxxxxxxx x 1
1 C80 10 FFFFFFFF 0 0 0 00000003 0340F01D 4331D8E3 0 1 10  FFFFFFFF 0 00000000 464C155E 0 0
1 C80 10 FFFFFFFF 0 0 0 00000003 0340F01D 4331D8E3 0 1 10  xxxxxxxx x xxxxxxxx xxxxxxxx x 1
1 B82 10 FFFFFFFF 0 0 0 00000002 F486A81C A60D474A 0 0 10  00104200 0 00000000 464C155E 0 0
1 B82 10 FFFFFFFF 0 0 0 00000002 F486A81C A60D474A 0 0 10  xxxxxxxx x xxxxxxxx xxxxxxxx x 1
1 343 10 DE29E66B 1 1 0 00000002 A7522583 0642A758 0 0 10  5BDD9F05 0 00000000 464C155E 0 0
1 343 10 DE29E66B 1 1 0 00000002 A7522583 0642A758 0 0 10  xxxxxxxx x xxxxxxxx xxxxxxxx x 1
1 C82 01 C14D5119 1 0 0 00000000 7E7DB06C 5AA4FF23 0 0 11  00104200 1 00000000 464C155E 0 0
1 C82 01 C14D5119 1 0 0 00000000 7E7DB06C 5AA4FF23 0 0 11  xxxxxxxx x xxxxxxxx xxxxxxxx x 1
1 C02 10 FFFFFFFF 0 0 0 00000002 277C1174 C5F66DAC 0 0 10  00000041 0 00000000 464C155E 0 0
1 C02 10 FFFFFFFF 0 0 0 00000002 277C1174 C5F66DAC 0 0 10  xxxxxxxx x xxxxxxxx xxxxxxxx x 1
1 341 01 40000000 1 1 0 00000000 8789B656 78E76682 0 1 01  464C155E 0 00000000 464C155E 0 0
1 341 01 40000000 1 1 0 00000000 8789B656 78E76682 0 1 01  xxxxxxxx x xxxxxxxx xxxxxxxx x 1
1 341 00 00000004 1 1 0 00000002 D171F6C1 E2D812E2 0 0 00  464C155E 0 00000000 464C155E 0 0
1 341 00 00000004 1 1 0 00000002 D171F6C1 E2D812E2 0 0 00  xxxxxxxx x xxxxxxxx xxxxxxxx x 1
1 C81 01 00000000 0 0 0 00000002 1458BB93 EB51991F 0 1 10  FFFFFFFF 0 00000000 00000004 0 0
1 C81 01 00000000 0 0 0 00000002 1458BB93 EB51991F 0 1 10  xxxxxxxx x xxxxxxxx xxxxxxxx x 1
1 305 10 00000000 0 0 0 00000003 76AC4A26 6EE3BFCA 0 0 01  00000000 0 00000000 00000004 0 0
1 305 10 00000000 0 0 0 00000003 76AC4A26 6EE3BFCA 0 0 01  xxxxxxxx x xxxxxxxx xxxxxxxx x 1
1 341 00 43129FD0 1 1 0 00000003 117C45C9 7D8E08AD 0 1 01  00000004 0 00000000 00000004 0 0
1 341 00 43129FD0 1 1 0 00000003 117C45C9 7D8E08AD 0 1 01  xxxxxxxx x xxxxxxxx xxxxxxxx x 1
1 C82 10 FFFFFFFF 0 0 0 0000000B 7D286484 22113E4F 0 0 11  00104200 0 00000000 43129FD0 0 0
1 C82 10 FFFFFFFF 0 0 0 0000000B 7D286484 22113E4F 0 0 11  xxxxxxxx x xxxxxxxx xxxxxxxx x 1
1 300 00 72CCFCF2 1 0 0 00000006 49723D28 58D0D4C8 0 1 00  00001800 0 00000000 43129FD0 0 0
1 300 00 72CCFCF2 1 0 0 00000006 49723D28 58D0D4C8 0 1 00  xxxxxxxx x xxxxxxxx xxxxxxxx x 1
1 C02 00 FFFFFFFF 0 0 0 00000003 2E288246 415F3922 0 0 01  00000045 0 00000000 43129FD0 0 0
1 C02 00 FFFFFFFF 0 0 0 00000003 2E288246 415F3922 0 0 01  xxxxxxxx x xxxxxxxx xxxxxxxx x 1
1 340 01 00ECBD17 0 0 0 0000000B 698C7650 3E0F05C3 0 0 10  FFFDBCEC 0 00000000 43129FD0 0 0
1 340 01 00ECBD17 0 0 0 0000000B 698C7650 3E0F05C3 0 0 10  xxxxxxxx x xxxxxxxx xxxxxxxx x 1
1 305 01 00000000 1 1 0 00000004 863AA4EF 79051378 1 1 01  00000000 0 00000000 43129FD0 0 0
1 305 01 00000000 1 1 0 00000004 863AA4EF 79051378 1 1 01  xxxxxxxx x xxxxxxxx xxxxxxxx x 1
1 F14 01 00000008 1 0 0 00000000 7244A484 3E6D0D67 0 0 11  00000000 1 00000000 43129FD0 0 0
1 F14 01 00000008 1 0 0 00000000 7244A484 3E6D0D67 0 0 11  xxxxxxxx x xxxxxxxx xxxxxxxx x 1
1 7C0 10 FFFFFFFF 1 0 0 0000000B 041A4582 AE41098A 0 1 11  00000000 1 00000000 43129FD0 0 0
1 7C0 10 FFFFFFFF 1 0 0 0000000B 041A4582 AE41098A 0 1 11  xxxxxxxx x xxxxxxxx xxxxxxxx x 1
1 344 01 00000010 1 1 0 00000006 FE86DD25 FC60CA4B 0 0 10  00000800 0 00000000 43129FD0 0 0
1 344 01 00000010 1 1 0 00000006 FE86DD25 FC60CA4B 0 0 10  xxxxxxxx x xxxxxxxx xxxxxxxx x 1
1 F13 00 00000000 1 0 0 00000004 4B4A81C5 53BA30D9 0 1 00  00000000 1 00000000 43129FD0 0 0
1 F13 00 00000000 1 0 0 00000004 4B4A81C5 53BA30D9 0 1 00  xxxxxxxx x xxxxxxxx xxxxxxxx x 1
1 B82 10 00000000 1 1 0 00000002 D9A55C87 C8703553 0 1 11  00104200 0 00000000 43129FD0 0 0
1 B82 10 00000000 1 1 0 00000002 D9A55C87 C8703553 0 1 11  xxxxxxxx x xxxxxxxx xxxxxxxx x 1
1 304 10 10000000 0 0 0 00000004 66FAF61C D903FE52 0 0 10  00000000 0 00000000 43129FD0 0 0
1 304 10 10000000 0 0 0 00000004 66FAF61C D903FE52 0 0 10  xxxxxxxx x xxxxxxxx xxxxxxxx x 1
1 B82 01 00000010 1 1 0 00000002 752FC9C8 FEF37F84 0 1 10  00104200 0 00000000 43129FD0 0 0
1 B82 01 00000010 1 1 0 00000002 752FC9C8 FEF37F84 0 1 10  xxxxxxxx x xxxxxxxx xxxxxxxx x 1
1 300 10 00000000 0 0 0 00000004 C7EF00C4 0550FC74 0 0 11  00001880 0 00000000 43129FD0 0 0
1 300 10 00000000 0 0 0 00000004 C7EF00C4 0550FC74 0 0 11  xxxxxxxx x xxxxxxxx xxxxxxxx x 1
1 F13 01 46E1B49A 1 0 0 00000000 5B6E55F9 85ED0DBD 0 1 01  00000000 1 00000000 43129FD0 0 0
1 F13 01 46E1B49A 1 0 0 00000000 5B6E55F9 85ED0DBD 0 1 01  xxxxxxxx x xxxxxxxx xxxxxxxx x 1
1 7C0 10 00000800 1 0 0 00000003 99BA9D8F 85C257B5 0 1 00  00000000 1 00000000 43129FD0 0 0
1 7C0 10 00000800 1 0 0 00000003 99BA9D8F 85C257B5 0 1 00  xxxxxxxx x xxxxxxxx xxxxxxxx x 1
1 340 00 B2C8A9ED 0 0 0 00000003 A4F4686B 0BF1C2F4 0 1 01  FFFDBCEC 0 00000000 43129FD0 0 0
1 340 00 B2C8A9ED 0 0 0 00000003 A4F4686B 0BF1C2F4 0 1 01  xxxxxxxx x xxxxxxxx xxxxxxxx x 1
1 F13 01 00000000 0 0 0 00000000 11EC0CB1 4D6AFB55 0 0 10  00000000 0 00000000 43129FD0 0 0
1 F13 01 00000000 0 0 0 00000000 11EC0CB1 4D6AFB55 0 0 10  xxxxxxxx x xxxxxxxx xxxxxxxx x 1
1 C81 01 00000000 1 0 0 0000000B 97335815 5D8540F9 0 1 00  FFFFFFFF 1 00000000 43129FD0 0 0
1 C81 01 00000000 1 0 0 0000000B 97335815 5D8540F9 0 1 00  xxxxxxxx x xxxxxxxx xxxxxxxx x 1
1 C00 00 00000000 1 0 0 00000000 BE6CD190 87AFCA5B 0 0 00  1FD75086 1 00000000 43129FD0 0 0
1 C00 00 00000000 1 0 0 00000000 BE6CD190 87AFCA5B 0 0 00  xxxxxxxx x xxxxxxxx xxxxxxxx x 1
1 B00 00 00002000 1 1 0 00000000 33A8BBA6 1D30F973 0 1 10  1FD75087 0 00000000 43129FD0 0 0
1 B00 00 00002000 1 1 0 00000000 33A8BBA6 1D30F973 0 1 10  xxxxxxxx x xxxxxxxx xxxxxxxx x 1
1 344 01 FFFFFFFF 0 0 0 8000000B 79C3DEDC 2C1BE19A 0 1 01  00000800 0 00000000 43129FD0 0 0
1 344 01 FFFFFFFF 0 0 0 8000000B 79C3DEDC 2C1BE19A 0 1 01  xxxxxxxx x xxxxxxxx xxxxxxxx x 1
1 C82 10 00000000 0 0 0 00000006 44C40CE8 9E412DEA 0 1 01  00104210 0 00000000 43129FD0 0 0
1 C82 10 00000000 0 0 0 00000006 44C40CE8 9E412DEA 0 1 01  xxxxxxxx x xxxxxxxx xxxxxxxx x 1
1 C80 00 D260442B 1 0 0 00000006 451185B9 69F2B72D 0 0 10  FFFFFFFF 1 00000000 43129FD0 0 0
1 C80 00 D260442B 1 0 0 00000006 451185B9 69F2B72D 0 0 10  xxxxxxxx x xxxxxxxx xxxxxxxx x 1
1 C81 00 00000400 1 0 0 00000002 50EE75BB 7E51F0E2 0 1 10  FFFFFFFF 1 00000000 43129FD0 0 0
1 C81 00 00000400 1 0 0 00000002 50EE75BB 7E51F0E2 0 1 10  xxxxxxxx x xxxxxxxx xxxxxxxx x 1
1 342 10 00000000 0 0 0 0000000B B1ACECFF A817C922 0 0 10  00000006 0 00000000 43129FD0 0 0
1 342 10 00000000 0 0 0 0000000B B1ACECFF A817C922 0 0 10  xxxxxxxx x xxxxxxxx xxxxxxxx x 1
1 C82 10 4B16D944 1 0 0 00000006 011B6E74 755DD5B8 0 0 11  00104210 1 00000000 43129FD0 0 0
1 C82 10 4B16D944 1 0 0 00000006 011B6E74 755DD5B8 0 0 11  xxxxxxxx x xxxxxxxx xxxxxxxx x 1
1 C00 01 537388AD 1 0 0 0000000B 2EC4DCF9 38E0EACA 0 1 01  00002006 1 00000000 43129FD0 0 0
1 C00 01 537388AD 1 0 0 0000000B 2EC4DCF9 38E0EACA 0 1 01  xxxxxxxx x xxxxxxxx xxxxxxxx x 1
1 341 00 47144005 1 1 0 00000002 DA20DB83 15673EA8 0 0 10  43129FD0 0 00000000 43129FD0 0 0
1 341 00 47144005 1 1 0 00000002 DA20DB83 15673EA8 0 0 10  xxxxxxxx x xxxxxxxx xxxxxxxx x 1
1 C02 00 EE879910 1 0 0 8000000B F80ED0D1 6889FEE0 0 1 10  00000051 1 00000000 47144004 0 0
1 C02 00 EE879910 1 0 0 8000000B F80ED0D1 6889FEE0 0 1 10  xxxxxxxx x xxxxxxxx xxxxxxxx x 1
1 343 01 00000000 1 1 0 0000000B 2279A7EF A7C81D58 0 0 10  01D41904 0 00000000 47144004 0 0
1 343 01 00000000 1 1 0 0000000B 2279A7EF A7C81D58 0 0 10  xxxxxxxx x xxxxxxxx xxxxxxxx x 1
1 F11 00 FFFFFFFF 1 0 0 00000000 6A1A1738 B3BCC9E6 0 0 01  00000000 1 00000000 47144004 0 0
1 F11 00 FFFFFFFF 1 0 0 00000000 6A1A1738 B3BCC9E6 0 0 01  xxxxxxxx x xxxxxxxx xxxxxxxx x 1
1 C82 10 00000000 0 0 0 8000000B 689DB763 3AE0F046 0 0 01  00104210 0 00000000 47144004 0 0
1 C82 10 00000000 0 0 0 8000000B 689DB763 3AE0F046 0 0 01  xxxxxxxx x xxxxxxxx xxxxxxxx x 1
1 F11 01 C8273A70 1 0 0 8000000B C7E999D5 8AA3E4FC 0 1 11  00000000 1 00000000 47144004 0 0
1 F11 01 C8273A70 1 0 0 8000000B C7E999D5 8AA3E4FC 0 1 11  xxxxxxxx x xxxxxxxx xxxxxxxx x 1
1 305 00 00020000 0 0 0 00000004 3223E984 387524DC 0 0 01  00000000 0 00000000 47144004 0 0
1 305 00 00020000 0 0 0 00000004 3223E984 387524DC 0 0 01  xxxxxxxx x xxxxxxxx xxxxxxxx x 1
1 C01 01 00010000 1 0 1 00000006 631DB952 B93DE077 0 1 01  0000200E 1 00000000 47144004 0 0
1 C01 01 00010000 1 0 1 00000006 631DB952 B93DE077 0 1 01  xxxxxxxx x xxxxxxxx xxxxxxxx x 1
1 343 10 FFFFFFFF 1 0 0 00000000 51A757A1 2C5E4DCD 0 0 11  B93DE077 0 00000000 631DB952 0 0
1 343 10 FFFFFFFF 1 0 0 00000000 51A757A1 2C5E4DCD 0 0 11  xxxxxxxx x xxxxxxxx xxxxxxxx x 1
1 305 01 FFFFFFFF 1 0 0 0000000B B6FB691D 933A9672 0 0 10  00000000 0 00000000 631DB952 0 0
1 305 01 FFFFFFFF 1 0 0 0000000B B6FB691D 933A9672 0 0 10  xxxxxxxx x xxxxxxxx xxxxxxxx x 1
1 7C0 01 00080000 1 0 0 8000000B 16628704 0BEE6F45 0 1 10  00000000 1 00000000 631DB952 0 0
1 7C0 01 00080000 1 0 0 8000000B 16628704 0BEE6F45 0 1 10  xxxxxxxx x xxxxxxxx xxxxxxxx x 1
1 341 10 FFFFFFFF 1 0 0 00000000 B892D1B2 182AA32E 0 1 00  631DB952 0 00000000 631DB952 0 0
1 341 10 FFFFFFFF 1 0 0 00000000 B892D1B2 182AA32E 0 1 00  xxxxxxxx x xxxxxxxx xxxxxxxx x 1
1 7C0 01 00000000 0 0 0 00000004 C83C2DA6 C7CC5871 0 1 00  00000000 1 00000000 631DB952 0 0
1 7C0 01 00000000 0 0 0 00000004 C83C2DA6 C7CC5871 0 1 00  xxxxxxxx x xxxxxxxx xxxxxxxx x 1
1 F13 10 C8F811F7 1 0 0 00000006 764CEFBF 4831EB73 0 0 01  00000000 1 00000000 631DB952 0 0
1 F13 10 C8F811F7 1 0 0 00000006 764CEFBF 4831EB73 0 0 01  xxxxxxxx x xxxxxxxx xxxxxxxx x 1
1 7C0 00 FFFFFFFF 0 0 0 00000003 D553A98F 7C9A71CE 0 0 00  00000000 1 00000000 631DB952 0 0
1 7C0 00 FFFFFFFF 0 0 0 00000003 D553A98F 7C9A71CE 0 0 00  xxxxxxxx x xxxxxxxx xxxxxxxx x 1
1 F14 00 00000000 0 0 0 00000004 41C3D8A0 F07549D1 0 1 11  00000000 0 00000000 631DB952 0 0
1 F14 00 00000000 0 0 0 00000004 41C3D8A0 F07549D1 0 1 11  xxxxxxxx x xxxxxxxx xxxxxxxx x 1
1 305 01 46613FE4 0 0 0 00000003 1EE1F08D 43875B18 0 0 10  00000000 0 00000000 631DB952 0 0
1 305 01 46613FE4 0 0 0 00000003 1EE1F08D 43875B18 0 0 10  xxxxxxxx x xxxxxxxx xxxxxxxx x 1
1 340 01 AE3A6161 1 1 0 00000000 12D1A58F C2816D2E 0 1 00  FFFDBCEC 0 00000000 631DB952 0 0
1 340 01 AE3A6161 1 1 0 00000000 12D1A58F C2816D2E 0 1 00  xxxxxxxx x xxxxxxxx xxxxxxxx x 1
1 C81 00 FFFFFFFF 1 0 0 00000006 1329B54E 3462E2E9 0 1 10  FFFFFFFF 1 00000000 631DB952 0 0
1 C81 00 FFFFFFFF 1 0 0 00000006 1329B54E 3462E2E9 0 1 10  xxxxxxxx x xxxxxxxx xxxxxxxx x 1
1 B02 10 FFFFFFFF 1 1 1 00000003 0A4EDE94 BEB1E698 0 1 00  0000005A 0 00000000 631DB952 0 0
1 B02 10 FFFFFFFF 1 1 1 00000003 0A4EDE94 BEB1E698 0 1 00  xxxxxxxx x xxxxxxxx xxxxxxxx x 1
1 B82 01 FFFFFFFF 1 1 0 00000003 BE075434 1B6CEEE8 0 1 01  00104210 0 00000000 0A4EDE94 0 0
1 B82 01 FFFFFFFF 1 1 0 00000003 BE075434 1B6CEEE8 0 1 01  xxxxxxxx x xxxxxxxx xxxxxxxx x 1
1 305 10 A74381E9 1 1 0 00000000 FD0EF0F7 186AFB80 0 1 10  00000000 0 00000000 0A4EDE94 0 0
1 305 10 A74381E9 1 1 0 00000000 FD0EF0F7 186AFB80 0 1 10  xxxxxxxx x xxxxxxxx xxxxxxxx x 1
1 C01 00 FFFFFFFF 1 0 0 00000000 9373B8F2 EF92D312 0 1 01  0000201D 1 00000000 0A4EDE94 0 0
1 C01 00 FFFFFFFF 1 0 0 00000000 9373B8F2 EF92D312 0 1 01  xxxxxxxx x xxxxxxxx xxxxxxxx x 1
1 F13 10 E5D906FF 1 0 0 00000004 7F854A40 124F368A 0 1 10  00000000 1 00000000 0A4EDE94 0 0
1 F13 10 E5D906FF 1 0 0 00000004 7F854A40 124F368A 0 1 10  xxxxxxxx x xxxxxxxx xxxxxxxx x 1
1 304 10 04000000 1 1 0 8000000B 2C1E8266 9618FCF6 0 0 00  00000000 0 00000000 0A4EDE94 0 0
1 304 10 04000000 1 1 0 8000000B 2C1E8266 9618FCF6 0 0 00  xxxxxxxx x xxxxxxxx xxxxxxxx x 1
1 344 01 FFFFFFFF 1 1 0 00000000 E76DF3DE 1A522671 0 0 11  00000800 0 00000000 0A4EDE94 0 0
1 344 01 FFFFFFFF 1 1 0 00000000 E76DF3DE 1A522671 0 0 11  xxxxxxxx x xxxxxxxx xxxxxxxx x 1
1 B02 01 00000000 1 1 0 0000000B C68DB33F B5BAF444 0 0 10  00000003 0 00000000 0A4EDE94 0 0
1 B02 01 00000000 1 1 0 0000000B C68DB33F B5BAF444 0 0 10  xxxxxxxx x xxxxxxxx xxxxxxxx x 1
1 301 10 40000000 0 0 0 8000000B F545DF06 8D36C3F8 0 1 11  40001104 0 00000000 0A4EDE94 0 0
1 301 10 40000000 0 0 0 8000000B F545DF06 8D36C3F8 0 1 11  xxxxxxxx x xxxxxxxx xxxxxxxx x 1
1 000 10 FFFFFFFF 0 0 0 00000004 935A09EE 063D2069 0 1 10  00000000 1 00000000 0A4EDE94 0 0
1 000 10 FFFFFFFF 0 0 0 00000004 935A09EE 063D2069 0 1 10  xxxxxxxx x xxxxxxxx xxxxxxxx x 1
1 343 00 00000000 1 1 1 00000004 71F529CE 7BC080C8 0 0 11  BEB1E698 0 00000000 0A4EDE94 0 0
1 343 00 00000000 1 1 1 00000004 71F529CE 7BC080C8 0 0 11  xxxxxxxx x xxxxxxxx xxxxxxxx x 1
1 C82 00 00000004 0 0 0 00000002 D2ED7812 D439F709 0 0 01  FFFFFFFF 0 00000000 71F529CE 0 0
1 C82 00 00000004 0 0 0 00000002 D2ED7812 D439F709 0 0 01  xxxxxxxx x xxxxxxxx xxxxxxxx x 1
1 301 10 00000040 0 0 0 8000000B 8DC2BDF2 D0E7C12F 0 1 10  40001104 0 00000000 71F529CE 0 0
1 301 10 00000040 0 0 0 8000000B 8DC2BDF2 D0E7C12F 0 1 10  xxxxxxxx x xxxxxxxx xxxxxxxx x 1
1 301 10 00000040 1 1 0 8000000B 62805EB8 5C6BD203 0 0 00  40001104 0 00000000 71F529CE 0 0
1 301 10 00000040 1 1 0 8000000B 62805EB8 5C6BD203 0 0 00  xxxxxxxx x xxxxxxxx xxxxxxxx x 1
1 300 10 00010000 1 0 0 00000004 0D2DDD0F 5385FF38 0 1 01  00001800 0 00000000 71F529CE 0 0
1 300 10 00010000 1 0 0 00000004 0D2DDD0F 5385FF38 0 1 01  xxxxxxxx x xxxxxxxx xxxxxxxx x 1
1 C00 10 FFFFFFFF 0 0 0 00000000 7BA49443 4699CBEF 0 1 00  00002029 0 00000000 71F529CE 0 0
1 C00 10 FFFFFFFF 0 0 0 00000000 7BA49443 4699CBEF 0 1 00  xxxxxxxx x xxxxxxxx xxxxxxxx x 1
1 C01 00 00040000 0 0 0 00000002 6329DAC6 27D2EB40 0 1 00  0000202A 0 00000000 71F529CE 0 0
1 C01 00 00040000 0 0 0 00000002 6329DAC6 27D2EB40 0 1 00  xxxxxxxx x xxxxxxxx xxxxxxxx x 1
1 305 10 00000000 0 0 1 0000000B E0605042 0CBBFE5F 0 0 11  00000000 0 00000000 71F529CE 0 0
1 305 10 00000000 0 0 1 0000000B E0605042 0CBBFE5F 0 0 11  xxxxxxxx x xxxxxxxx xxxxxxxx x 1
1 305 00 00000000 1 0 0 00000003 8A8CA33F 578A0168 0 0 11  00000000 0 00000000 E0605042 0 0
1 305 00 00000000 1 0 0 00000003 8A8CA33F 578A0168 0 0 11  xxxxxxxx x xxxxxxxx xxxxxxxx x 1
1 B80 01 00000000 1 1 0 0000000B 3DEA73CB BF1C4F22 0 1 10  FFFFFFFF 0 00000000 E0605042 0 0
1 B80 01 00000000 1 1 0 0000000B 3DEA73CB BF1C4F22 0 1 10  xxxxxxxx x xxxxxxxx xxxxxxxx x 1
1 300 01 FFFFFFFF 1 0 0 00000003 DFE6643C 2916A1FF 0 0 01  00001800 0 00000000 E0605042 0 0
1 300 01 FFFFFFFF 1 0 0 00000003 DFE6643C 2916A1FF 0 0 01  xxxxxxxx x xxxxxxxx xxxxxxxx x 1
1 B02 10 00020000 1 0 0 00000000 C6969EF2 D5B68FA3 0 1 10  0000000A 0 00000000 E0605042 0 0
1 B02 10 00020000 1 0 0 00000000 C6969EF2 D5B68FA3 0 1 10  xxxxxxxx x xxxxxxxx xxxxxxxx x 1
1 B02 01 00000100 0 0 0 8000000B CC2C6644 06AD52A9 0 1 10  0000000B 0 00000000 E0605042 0 0
1 B02 01 00000100 0 0 0 8000000B CC2C6644 06AD52A9 0 1 10  xxxxxxxx x xxxxxxxx xxxxxxxx x 1
1 F14 01 D04FCE76 1 0 0 00000006 20550D00 0C208AC0 0 1 01  00000000 1 00000000 E0605042 0 0
1 F14 01 D04FCE76 1 0 0 00000006 20550D00 0C208AC0 0 1 01  xxxxxxxx x xxxxxxxx xxxxxxxx x 1
1 B00 01 00000400 1 1 0 00000003 92F7527E E645E475 0 0 00  00002031 0 00000000 E0605042 0 0
1 B00 01 00000400 1 1 0 00000003 92F7527E E645E475 0 0 00  xxxxxxxx x xxxxxxxx xxxxxxxx x 1
1 C00 01 374404D8 0 0 0 8000000B 90DC9797 D476D943 0 0 10  00002431 0 00000000 E0605042 0 0
1 C00 01 374404D8 0 0 0 8000000B 90DC9797 D476D943 0 0 10  xxxxxxxx x xxxxxxxx xxxxxxxx x 1
1 342 00 00000100 1 1 0 00000006 2E5121EF E03641EB 0 0 01  0000000B 0 00000000 E0605042 0 0
1 342 00 00000100 1 1 0 00000006 2E5121EF E03641EB 0 0 01  xxxxxxxx x xxxxxxxx xxxxxxxx x 1
1 B82 10 00800000 0 0 0 00000006 CC4EDE2E 7577AAFC 0 1 00  FFFFFFFF 0 00000000 E0605042 0 0
1 B82 10 00800000 0 0 0 00000006 CC4EDE2E 7577AAFC 0 1 00  xxxxxxxx x xxxxxxxx xxxxxxxx x 1
1 C81 10 FFFFFFFF 1 0 0 00000000 E83A6EFA D4CDD0B1 0 0 11  FFFFFFFF 1 00000000 E0605042 0 0
1 C81 10 FFFFFFFF 1 0 0 00000000 E83A6EFA D4CDD0B1 0 0 11  xxxxxxxx x xxxxxxxx xxxxxxxx x 1
1 C03 00 18AF9D54 0 0 0 0000000B AC27035C F18F2BF9 0 1 01  00000000 1 00000000 E0605042 0 0
1 C03 00 18AF9D54 0 0 0 0000000B AC27035C F18F2BF9 0 1 01  xxxxxxxx x xxxxxxxx xxxxxxxx x 1
1 C01 01 FFFFFFFF 1 0 0 00000003 9A1CE6E3 9061CC8C 0 0 11  00002436 1 00000000 E0605042 0 0
1 C01 01 FFFFFFFF 1 0 0 00000003 9A1CE6E3 9061CC8C 0 0 11  xxxxxxxx x xxxxxxxx xxxxxxxx x 1
1 F12 00 C0ACC846 0 0 0 00000003 90D2688B C5759FFF 0 0 00  00000000 0 00000000 E0605042 0 0
1 F12 00 C0ACC846 0 0 0 00000003 90D2688B C5759FFF 0 0 00  xxxxxxxx x xxxxxxxx xxxxxxxx x 1
1 301 10 00000000 0 0 0 00000002 5CC3447B A6B4D2C2 0 1 10  40001104 0 00000000 E0605042 0 0
1 301 10 00000000 0 0 0 00000002 5CC3447B A6B4D2C2 0 1 10  xxxxxxxx x xxxxxxxx xxxxxxxx x 1
1 B80 10 00001000 1 1 0 00000006 CDB5B9E9 E8F90D60 0 0 10  FFFFFFFF 0 00000000 E0605042 0 0
1 B80 10 00001000 1 1 0 00000006 CDB5B9E9 E8F90D60 0 0 10  xxxxxxxx x xxxxxxxx xxxxxxxx x 1
1 F13 10 E0DF2A0D 1 0 1 00000004 87A6114A 3F5F0987 0 0 11  00000000 1 00000000 E0605042 0 0
1 F13 10 E0DF2A0D 1 0 1 00000004 87A6114A 3F5F0987 0 0 11  xxxxxxxx x xxxxxxxx xxxxxxxx x 1
1 C03 10 80000000 0 0 0 00000004 69EF68C3 6825D762 0 1 11  00000000 1 00000000 87A6114A 0 0
1 C03 10 80000000 0 0 0 00000004 69EF68C3 6825D762 0 1 11  xxxxxxxx x xxxxxxxx xxxxxxxx x 1
1 342 00 00000000 0 0 0 00000003 F099C2DB D37E4AAC 0 1 01  00000004 0 00000000 87A6114A 0 0
1 342 00 00000000 0 0 0 00000003 F099C2DB D37E4AAC 0 1 01  xxxxxxxx x xxxxxxxx xxxxxxxx x 1
1 304 00 F0AFBD51 0 0 0 00000004 DCDB3E99 94948007 0 1 11  00000000 0 00000000 87A6114A 0 0
1 304 00 F0AFBD51 0 0 0 00000004 DCDB3E99 94948007 0 1 11  xxxxxxxx x xxxxxxxx xxxxxxxx x 1
1 304 00 FFFFFFFF 0 0 0 00000006 870A09DD F03291E3 0 0 10  00000000 0 00000000 87A6114A 0 0
1 304 00 FFFFFFFF 0 0 0 00000006 870A09DD F03291E3 0 0 10  xxxxxxxx x xxxxxxxx xxxxxxxx x 1
1 342 00 FFFFFFFF 1 1 1 0000000B 927BB1EF 5BAC6103 0 1 00  00000004 0 00000000 87A6114A 0 0
1 342 00 FFFFFFFF 1 1 1 0000000B 927BB1EF 5BAC6103 0 1 00  xxxxxxxx x xxxxxxxx xxxxxxxx x 1
1 C81 00 00000000 0 0 0 00000002 8554D149 E50BCD48 0 0 10  FFFFEFFF 0 00000000 927BB1EE 0 0
1 C81 00 00000000 0 0 0 00000002 8554D149 E50BCD48 0 0 10  xxxxxxxx x xxxxxxxx xxxxxxxx x 1
1 B80 01 00000000 0 0 1 8000000B A47942FF 6106A5B5 0 0 11  FFFFEFFF 0 00000000 927BB1EE 0 0
1 B80 01 00000000 0 0 1 8000000B A47942FF 6106A5B5 0 0 11  xxxxxxxx x xxxxxxxx xxxxxxxx x 1
1 340 00 00000000 1 1 0 00000006 C2033B32 F05CE422 0 0 00  FFFFFDED 0 00000000 A47942FE 0 0
1 340 00 00000000 1 1 0 00000006 C2033B32 F05CE422 0 0 00  xxxxxxxx x xxxxxxxx xxxxxxxx x 1
1 341 10 00000800 1 1 0 0000000B 74DF67E7 5EB3D5D4 0 1 01  A47942FE 0 00000000 A47942FE 0 0
1 341 10 00000800 1 1 0 0000000B 74DF67E7 5EB3D5D4 0 1 01  xxxxxxxx x xxxxxxxx xxxxxxxx x 1
1 343 01 FFFFFFFF 0 0 0 00000004 923518CC 7EDA48FA 0 0 01  6106A5B5 0 00000000 A47942FE 0 0
1 343 01 FFFFFFFF 0 0 0 00000004 923518CC 7EDA48FA 0 0 01  xxxxxxxx x xxxxxxxx xxxxxxxx x 1
1 B00 10 F02B386D 1 1 0 00000004 74660E06 3712BFAC 0 0 01  00002444 0 00000000 A47942FE 0 0
1 B00 10 F02B386D 1 1 0 00000004 74660E06 3712BFAC 0 0 01  xxxxxxxx x xxxxxxxx xxxxxxxx x 1
1 C03 10 00000000 1 0 0 00000002 66278174 00311490 0 0 11  00000000 1 00000000 A47942FE 0 0
1 C03 10 00000000 1 0 0 00000002 66278174 00311490 0 0 11  xxxxxxxx x xxxxxxxx xxxxxxxx x 1
1 B80 10 FFFFFFFF 1 1 0 8000000B 0A261194 9336713C 0 1 10  FFFFEFFF 0 00000000 A47942FE 0 0
1 B80 10 FFFFFFFF 1 1 0 8000000B 0A261194 9336713C 0 1 10  xxxxxxxx x xxxxxxxx xxxxxxxx x 1
1 F13 01 FFFFFFFF 0 0 0 8000000B 5C48C958 FABDFA0D 0 0 10  00000000 0 00000000 A47942FE 0 0
1 F13 01 FFFFFFFF 0 0 0 8000000B 5C48C958 FABDFA0D 0 0 10  xxxxxxxx x xxxxxxxx xxxxxxxx x 1
1 7C0 10 8CB3997E 0 0 0 00000006 3227A75A 4C4A1107 0 0 10  00000000 1 00000000 A47942FE 0 0
1 7C0 10 8CB3997E 0 0 0 00000006 3227A75A 4C4A1107 0 0 10  xxxxxxxx x xxxxxxxx xxxxxxxx x 1
1 C03 00 00000000 1 0 0 0000000B BF52252F 2FF4DA4D 0 0 10  00000000 1 00000000 A47942FE 0 0
1 C03 00 00000000 1 0 0 0000000B BF52252F 2FF4DA4D 0 0 10  xxxxxxxx x xxxxxxxx xxxxxxxx x 1
1 F13 00 00000000 0 0 0 8000000B B7912082 E06A98ED 0 1 11  00000000 0 00000000 A47942FE 0 0
1 F13 00 00000000 0 0 0 8000000B B7912082 E06A98ED 0 1 11  xxxxxxxx x xxxxxxxx xxxxxxxx x 1
1 302 10 754EEA6C 1 0 0 00000002 769686F7 1A696C25 0 0 11  00000000 1 00000000 A47942FE 0 0
1 302 10 754EEA6C 1 0 0 00000002 769686F7 1A696C25 0 0 11  xxxxxxxx x xxxxxxxx xxxxxxxx x 1
1 C80 10 30E39C45 1 0 0 00000003 BDD8526D DC6DBA79 0 0 01  00000000 1 00000000 A47942FE 0 0
1 C80 10 30E39C45 1 0 0 00000003 BDD8526D DC6DBA79 0 0 01  xxxxxxxx x xxxxxxxx xxxxxxxx x 1
1 B02 00 00000400 1 0 0 0000000B 23C29778 EE205F56 0 0 10  00000017 0 00000000 A47942FE 0 0
1 B02 00 00000400 1 0 0 0000000B 23C29778 EE205F56 0 0 10  xxxxxxxx x xxxxxxxx xxxxxxxx x 1
1 305 10 00000200 1 1 0 0000000B 5D702F86 6A5DBC6C 0 1 00  00000000 0 00000000 A47942FE 0 0
1 305 10 00000200 1 1 0 0000000B 5D702F86 6A5DBC6C 0 1 00  xxxxxxxx x xxxxxxxx xxxxxxxx x 1
1 C81 00 FFFFFFFF 0 0 0 00000002 7D518D40 7FD42A92 0 0 10  00000000 0 00000000 A47942FE 0 0
1 C81 00 FFFFFFFF 0 0 0 00000002 7D518D40 7FD42A92 0 0 10  xxxxxxxx x xxxxxxxx xxxxxxxx x 1
1 C02 10 B96104AD 1 0 0 00000006 D8E2B6D3 13B0B5A0 0 1 01  00000018 1 00000000 A47942FE 0 0
1 C02 10 B96104AD 1 0 0 00000006 D8E2B6D3 13B0B5A0 0 1 01  xxxxxxxx x xxxxxxxx xxxxxxxx x 1
1 340 00 00000000 1 1 0 00000003 CEF6F072 519BB93A 0 1 01  00000000 0 00000000 A47942FE 0 0
1 340 00 00000000 1 1 0 00000003 CEF6F072 519BB93A 0 1 01  xxxxxxxx x xxxxxxxx xxxxxxxx x 1
1 B02 10 40000000 0 0 0 00000004 E5A791B7 C708E7F8 0 0 00  0000001A 0 00000000 A47942FE 0 0
1 B02 10 40000000 0 0 0 00000004 E5A791B7 C708E7F8 0 0 00  xxxxxxxx x xxxxxxxx xxxxxxxx x 1
1 C81 00 62D1982C 1 0 0 00000003 59A500A2 0687E008 0 1 10  00000000 1 00000000 A47942FE 0 0
1 C81 00 62D1982C 1 0 0 00000003 59A500A2 0687E008 0 1 10  xxxxxxxx x xxxxxxxx xxxxxxxx x 1
1 C02 01 00000000 0 0 0 8000000B 83142EF3 6577DB16 0 1 11  0000001B 0 00000000 A47942FE 0 0
1 C02 01 00000000 0 0 0 8000000B 83142EF3 6577DB16 0 1 11  xxxxxxxx x xxxxxxxx xxxxxxxx x 1
1 301 00 FFFFFFFF 0 0 0 00000002 1CE46CB7 99932563 0 1 10  40001104 0 00000000 A47942FE 0 0
1 301 00 FFFFFFFF 0 0 0 00000002 1CE46CB7 99932563 0 1 10  xxxxxxxx x xxxxxxxx xxxxxxxx x 1
1 305 10 00000000 0 0 0 00000004 291F241F 27FA45D3 0 0 11  00000000 0 00000000 A47942FE 0 0
1 305 10 00000000 0 0 0 00000004 291F241F 27FA45D3 0 0 11  xxxxxxxx x xxxxxxxx xxxxxxxx x 1
1 305 10 AA727D2F 1 0 0 00000000 DEDB740D 5664046D 0 0 01  00000000 0 00000000 A47942FE 0 0
1 305 10 AA727D2F 1 0 0 00000000 DEDB740D 5664046D 0 0 01  xxxxxxxx x xxxxxxxx xxxxxxxx x 1
1 343 00 FFFFFFFF 1 1 0 00000002 AC02A6D7 281CAF1E 0 0 10  6106A5B5 0 00000000 A47942FE 0 0
1 343 00 FFFFFFFF 1 1 0 00000002 AC02A6D7 281CAF1E 0 0 10  xxxxxxxx x xxxxxxxx xxxxxxxx x 1
1 B80 01 00800000 1 1 0 00000002 2A89423E D7E0ECDE 0 0 11  00000000 0 00000000 A47942FE 0 0
1 B80 01 00800000 1 1 0 00000002 2A89423E D7E0ECDE 0 0 11  xxxxxxxx x xxxxxxxx xxxxxxxx x 1
1 F13 01 00800000 1 0 0 00000000 E13C5AD5 B0C6DA04 0 0 11  00000000 1 00000000 A47942FE 0 0
1 F13 01 00800000 1 0 0 00000000 E13C5AD5 B0C6DA04 0 0 11  xxxxxxxx x xxxxxxxx xxxxxxxx x 1
1 F13 00 00080000 0 0 0 00000006 92492D8F EBAFD63D 0 1 11  00000000 0 00000000 A47942FE 0 0
1 F13 00 00080000 0 0 0 00000006 92492D8F EBAFD63D 0 1 11  xxxxxxxx x xxxxxxxx xxxxxxxx x 1
1 305 00 00000200 0 0 1 00000002 A99155E6 5875426B 0 1 11  00000000 0 00000000 A47942FE 0 0
1 305 00 00000200 0 0 1 00000002 A99155E6 5875426B 0 1 11  xxxxxxxx x xxxxxxxx xxxxxxxx x 1
1 B80 01 20000000 0 0 0 8000000B 078ABCDC E50559F4 0 1 00  00800000 0 00000000 A99155E6 0 0
1 B80 01 20000000 0 0 0 8000000B 078ABCDC E50559F4 0 1 00  xxxxxxxx x xxxxxxxx xxxxxxxx x 1
1 300 01 00100000 1 1 0 00000006 C2E570DE 01D6B10F 0 0 01  00001800 0 00000000 A99155E6 0 0
1 300 01 00100000 1 1 0 00000006 C2E570DE 01D6B10F 0 0 01  xxxxxxxx x xxxxxxxx xxxxxxxx x 1
1 F11 00 00000000 0 0 1 00000004 20D7323B 49B57B63 0 0 00  00000000 0 00000000 A99155E6 0 0
1 F11 00 00000000 0 0 1 00000004 20D7323B 49B57B63 0 0 00  xxxxxxxx x xxxxxxxx xxxxxxxx x 1
1 F14 01 CC9A1FA4 1 0 0 00000002 85DBC6CB C0A6DAE1 0 1 01  00000000 1 00000000 20D7323A 0 0
1 F14 01 CC9A1FA4 1 0 0 00000002 85DBC6CB C0A6DAE1 0 1 01  xxxxxxxx x xxxxxxxx xxxxxxxx x 1
1 B82 01 FFFFFFFF 1 1 0 8000000B 7F9D4017 0EC418B5 0 0 01  FFFFFFFF 0 00000000 20D7323A 0 0
1 B82 01 FFFFFFFF 1 1 0 8000000B 7F9D4017 0EC418B5 0 0 01  xxxxxxxx x xxxxxxxx xxxxxxxx x 1
1 F12 00 FFFFFFFF 0 0 0 0000000B 1C58B552 37A13FCC 0 0 10  00000000 0 00000000 20D7323A 0 0
1 F12 00 FFFFFFFF 0 0 0 0000000B 1C58B552 37A13FCC 0 0 10  xxxxxxxx x xxxxxxxx xxxxxxxx x 1
1 F11 01 00000000 1 0 0 00000003 2DDF9D76 F6069D88 0 1 00  00000000 1 00000000 20D7323A 0 0
1 F11 01 00000000 1 0 0 00000003 2DDF9D76 F6069D88 0 1 00  xxxxxxxx x xxxxxxxx xxxxxxxx x 1
1 344 01 00000000 0 0 0 00000000 B9FE71D0 C2990947 0 0 01  00000800 0 00000000 20D7323A 0 0
1 344 01 00000000 0 0 0 00000000 B9FE71D0 C2990947 0 0 01  xxxxxxxx x xxxxxxxx xxxxxxxx x 1
1 301 10 00000800 0 0 0 0000000B 8ECBC76F 191FC3D9 0 1 00  40001104 0 00000000 20D7323A 0 0
1 301 10 00000800 0 0 0 0000000B 8ECBC76F 191FC3D9 0 1 00  xxxxxxxx x xxxxxxxx xxxxxxxx x 1
1 F13 00 00000001 0 0 0 00000002 0FC4531B 11D74FE8 0 0 10  00000000 0 00000000 20D7323A 0 0
1 F13 00 00000001 0 0 0 00000002 0FC4531B 11D74FE8 0 0 10  xxxxxxxx x xxxxxxxx xxxxxxxx x 1
1 F12 01 155E8F44 0 0 0 00000000 6F75DEAE 91AC4C1E 0 1 00  00000000 0 00000000 20D7323A 0 0
1 F12 01 155E8F44 0 0 0 00000000 6F75DEAE 91AC4C1E 0 1 00  xxxxxxxx x xxxxxxxx xxxxxxxx x 1
1 343 00 41703E7C 0 0 0 00000002 D14724A1 81A6CBD2 0 0 00  49B57B63 0 00000000 20D7323A 0 0
1 343 00 41703E7C 0 0 0 00000002 D14724A1 81A6CBD2 0 0 00  xxxxxxxx x xxxxxxxx xxxxxxxx x 1
1 302 00 40000000 1 0 0 00000002 7B42DA63 7747B347 0 1 11  00000000 1 00000000 20D7323A 0 0
1 302 00 40000000 1 0 0 00000002 7B42DA63 7747B347 0 1 11  xxxxxxxx x xxxxxxxx xxxxxxxx x 1
1 C82 00 FFFFFFFF 1 0 0 8000000B CEBB32DE BD2FC36C 0 0 00  FFFFFFFF 1 00000000 20D7323A 0 0
1 C82 00 FFFFFFFF 1 0 0 8000000B CEBB32DE BD2FC36C 0 0 00  xxxxxxxx x xxxxxxxx xxxxxxxx x 1
1 F13 01 00000000 1 0 0 00000000 E8798D4D F9D07651 0 0 00  00000000 1 00000000 20D7323A 0 0
1 F13 01 00000000 1 0 0 00000000 E8798D4D F9D07651 0 0 00  xxxxxxxx x xxxxxxxx xxxxxxxx x 1
1 C00 00 00000000 0 0 0 00000002 B5330983 3205F961 0 1 01  00000425 0 00000000 20D7323A 0 0
1 C00 00 00000000 0 0 0 00000002 B5330983 3205F961 0 1 01  xxxxxxxx x xxxxxxxx xxxxxxxx x 1
1 7C0 10 00000000 0 0 0 0000000B 2290D308 DC37F033 1 1 11  00000000 1 00000000 20D7323A 0 0
1 7C0 10 00000000 0 0 0 0000000B 2290D308 DC37F033 1 1 11  xxxxxxxx x xxxxxxxx xxxxxxxx x 1
1 C81 01 FFFFFFFF 0 0 0 8000000B 0D08F9FD 0AAFEC9B 0 0 11  00800000 0 00000000 20D7323A 0 0
1 C81 01 FFFFFFFF 0 0 0 8000000B 0D08F9FD 0AAFEC9B 0 0 11  xxxxxxxx x xxxxxxxx xxxxxxxx x 1
1 300 01 7D1D7FC6 1 1 0 00000006 A2686FD7 B6AB5D79 0 0 00  00001880 0 00000000 20D7323A 0 0
1 300 01 7D1D7FC6 1 1 0 00000006 A2686FD7 B6AB5D79 0 0 00  xxxxxxxx x xxxxxxxx xxxxxxxx x 1
1 B80 01 FFFFFFFF 0 0 0 00000000 8059D017 1B664C9D 0 0 10  00800000 0 00000000 20D7323A 0 0
1 B80 01 FFFFFFFF 0 0 0 00000000 8059D017 1B664C9D 0 0 10  xxxxxxxx x xxxxxxxx xxxxxxxx x 1
1 C82 01 FFFFFFFF 0 0 0 00000006 5470AF27 C81123B6 0 0 10  FFFFFFFF 0 00000000 20D7323A 0 0
1 C82 01 FFFFFFFF 0 0 0 00000006 5470AF27 C81123B6 0 0 10  xxxxxxxx x xxxxxxxx xxxxxxxx x 1
1 344 10 FFFFFFFF 1 1 0 8000000B 20B8AE6E 89E93BBC 0 1 00  00000000 0 00000000 20D7323A 0 0
1 344 10 FFFFFFFF 1 1 0 8000000B 20B8AE6E 89E93BBC 0 1 00  xxxxxxxx x xxxxxxxx xxxxxxxx x 1
1 B00 00 FFFFFFFF 1 1 0 8000000B 5D5FD170 3802AB68 0 1 10  0000042C 0 00000000 20D7323A 0 0
1 B00 00 FFFFFFFF 1 1 0 8000000B 5D5FD170 3802AB68 0 1 10  xxxxxxxx x xxxxxxxx xxxxxxxx x 1
1 341 01 00000000 1 0 0 00000004 B3C74A8E 2E70F11D 0 1 00  20D7323A 0 00000000 20D7323A 0 0
1 341 01 00000000 1 0 0 00000004 B3C74A8E 2E70F11D 0 1 00  xxxxxxxx x xxxxxxxx xxxxxxxx x 1
1 340 01 DBDCB601 1 1 0 00000002 07147E3D 205C5275 0 1 00  00000000 0 00000000 20D7323A 0 0
1 340 01 DBDCB601 1 1 0 00000002 07147E3D 205C5275 0 1 00  xxxxxxxx x xxxxxxxx xxxxxxxx x 1
1 B82 00 FFFFFFFF 0 0 0 00000002 4C7EEB4C 0FD1CAEA 0 0 10  FFFFFFFF 0 00000000 20D7323A 0 0
1 B82 00 FFFFFFFF 0 0 0 00000002 4C7EEB4C 0FD1CAEA 0 0 10  xxxxxxxx x xxxxxxxx xxxxxxxx x 1
1 7C0 01 00200000 1 0 0 00000000 0B04BFD6 710390C0 0 1 01  00000000 1 00000000 20D7323A 0 0
1 7C0 01 00200000 1 0 0 00000000 0B04BFD6 710390C0 0 1 01  xxxxxxxx x xxxxxxxx xxxxxxxx x 1
1 344 10 6BE4428D 1 1 0 00000002 0224D371 D501E27D 0 1 10  00000800 0 00000000 20D7323A 0 0
1 344 10 6BE4428D 1 1 0 00000002 0224D371 D501E27D 0 1 10  xxxxxxxx x xxxxxxxx xxxxxxxx x 1
1 342 10 52C24662 1 1 0 00000000 5559E2EE FCAA7B3A 0 0 01  00000004 0 00000000 20D7323A 0 0
1 342 10 52C24662 1 1 0 00000000 5559E2EE FCAA7B3A 0 0 01  xxxxxxxx x xxxxxxxx xxxxxxxx x 1
1 B80 01 2989D763 0 0 0 8000000B 99078E3D A0838EDB 0 0 11  00800001 0 00000000 20D7323A 0 0
1 B80 01 2989D763 0 0 0 8000000B 99078E3D A0838EDB 0 0 11  xxxxxxxx x xxxxxxxx xxxxxxxx x 1
1 C02 10 FFFFFFFF 1 0 0 00000006 84573961 B3499AD9 0 1 00  0000002D 1 00000000 20D7323A 0 0
1 C02 10 FFFFFFFF 1 0 0 00000006 84573961 B3499AD9 0 1 00  xxxxxxxx x xxxxxxxx xxxxxxxx x 1
1 F13 00 FFFFFFFF 0 0 0 00000000 42E53A20 206678DE 0 1 01  00000000 0 00000000 20D7323A 0 0
1 F13 00 FFFFFFFF 0 0 0 00000000 42E53A20 206678DE 0 1 01  xxxxxxxx x xxxxxxxx xxxxxxxx x 1
1 344 00 00000020 1 1 0 00000003 19F468F0 3F038C09 0 1 00  00000000 0 00000000 20D7323A 0 0
1 344 00 00000020 1 1 0 00000003 19F468F0 3F038C09 0 1 00  xxxxxxxx x xxxxxxxx xxxxxxxx x 1
1 343 00 5856380E 0 0 0 00000002 40BF54BF F714F813 0 1 00  49B57B63 0 00000000 20D7323A 0 0
1 343 00 5856380E 0 0 0 00000002 40BF54BF F714F813 0 1 00  xxxxxxxx x xxxxxxxx xxxxxxxx x 1
1 344 00 00000000 0 0 0 00000006 50CB5CDB 5FBA204E 0 0 00  00000000 0 00000000 20D7323A 0 0
1 344 00 00000000 0 0 0 00000006 50CB5CDB 5FBA204E 0 0 00  xxxxxxxx x xxxxxxxx xxxxxxxx x 1
1 C80 01 08000000 0 0 0 00000000 C9B1ADB9 EDB9F3FB 0 0 11  00800001 0 00000000 20D7323A 0 0
1 C80 01 08000000 0 0 0 00000000 C9B1ADB9 EDB9F3FB 0 0 11  xxxxxxxx x xxxxxxxx xxxxxxxx x 1
1 C02 01 6CD4D37C 1 0 0 00000004 FCD1DA7C 90E61E36 0 0 00  00000031 1 00000000 20D7323A 0 0
1 C02 01 6CD4D37C 1 0 0 00000004 FCD1DA7C 90E61E36 0 0 00  xxxxxxxx x xxxxxxxx xxxxxxxx x 1
1 B02 00 20000000 0 0 0 8000000B D2DE6F85 DC564D87 0 1 01  00000031 0 00000000 20D7323A 0 0
1 B02 00 20000000 0 0 0 8000000B D2DE6F85 DC564D87 0 1 01  xxxxxxxx x xxxxxxxx xxxxxxxx x 1
1 340 10 00000000 0 0 0 0000000B 1DA07415 E0D9E750 0 1 01  DBDCB601 0 00000000 20D7323A 0 0
1 340 10 00000000 0 0 0 0000000B 1DA07415 E0D9E750 0 1 01  xxxxxxxx x xxxxxxxx xxxxxxxx x 1
1 C00 00 00100000 1 0 0 00000000 CFB29AF6 DB53FD80 0 1 11  0000000F 1 00000000 20D7323A 0 0
1 C00 00 00100000 1 0 0 00000000 CFB29AF6 DB53FD80 0 1 11  xxxxxxxx x xxxxxxxx xxxxxxxx x 1
1 F12 10 00000000 1 0 0 00000006 45337C35 CFEFBC6B 0 0 10  00000000 1 00000000 20D7323A 0 0
1 F12 10 00000000 1 0 0 00000006 45337C35 CFEFBC6B 0 0 10  xxxxxxxx x xxxxxxxx xxxxxxxx x 1
1 F13 01 00000000 1 0 0 00000003 298F0F34 C24DDCA6 0 0 00  00000000 1 00000000 20D7323A 0 0
1 F13 01 00000000 1 0 0 00000003 298F0F34 C24DDCA6 0 0 00  xxxxxxxx x xxxxxxxx xxxxxxxx x 1
1 C81 00 3A1C6BA3 1 0 0 0000000B 1F2EE6AC 33EADB23 0 0 01  00800001 1 00000000 20D7323A 0 0
1 C81 00 3A1C6BA3 1 0 0 0000000B 1F2EE6AC 33EADB23 0 0 01  xxxxxxxx x xxxxxxxx xxxxxxxx x 1
1 C00 01 FFFFFFFF 1 0 0 00000003 50A5B46A FE79EE95 0 0 10  00000013 1 00000000 20D7323A 0 0
1 C00 01 FFFFFFFF 1 0 0 00000003 50A5B46A FE79EE95 0 0 10  xxxxxxxx x xxxxxxxx xxxxxxxx x 1
1 7C0 01 D30D259F 0 0 0 00000000 3FB9B453 65A0D117 0 1 10  00000000 1 00000000 20D7323A 0 0
1 7C0 01 D30D259F 0 0 0 00000000 3FB9B453 65A0D117 0 1 10  xxxxxxxx x xxxxxxxx xxxxxxxx x 1
1 304 01 FFFFFFFF 1 1 0 00000000 5EAEDD24 0EB170DE 0 1 10  00000000 0 00000000 20D7323A 0 0
1 304 01 FFFFFFFF 1 1 0 00000000 5EAEDD24 0EB170DE 0 1 10  xxxxxxxx x xxxxxxxx xxxxxxxx x 1
1 C82 10 FFFFFFFF 1 0 0 00000002 C1D852EE F530454E 0 1 01  FFFFFFFF 1 00000000 20D7323A 0 0
1 C82 10 FFFFFFFF 1 0 0 00000002 C1D852EE F530454E 0 1 01  xxxxxxxx x xxxxxxxx xxxxxxxx x 1
1 B80 10 24A20E25 1 1 0 00000004 8D49ADC7 B4CB1C6F 0 1 11  00800001 0 00000000 20D7323A 0 0
1 B80 10 24A20E25 1 1 0 00000004 8D49ADC7 B4CB1C6F 0 1 11  xxxxxxxx x xxxxxxxx xxxxxxxx x 1
1 300 00 00000000 0 0 0 00000002 513899B7 D490A6D6 0 0 00  00001880 0 00000000 20D7323A 0 0
1 300 00 00000000 0 0 0 00000002 513899B7 D490A6D6 0 0 00  xxxxxxxx x xxxxxxxx xxxxxxxx x 1
1 C03 01 00000080 1 0 0 8000000B C95D7680 82C66AD0 0 1 00  00000000 1 00000000 20D7323A 0 0
1 C03 01 00000080 1 0 0 8000000B C95D7680 82C66AD0 0 1 00  xxxxxxxx x xxxxxxxx xxxxxxxx x 1
1 F13 00 00000000 1 0 0 00000002 CE70C828 3FDCF364 0 0 01  00000000 1 00000000 20D7323A 0 0
1 F13 00 00000000 1 0 0 00000002 CE70C828 3FDCF364 0 0 01  xxxxxxxx x xxxxxxxx xxxxxxxx x 1
1 341 10 00020000 1 1 0 00000004 24C55368 0058742F 0 1 00  20D7323A 0 00000000 20D7323A 0 0
1 341 10 00020000 1 1 0 00000004 24C55368 0058742F 0 1 00  xxxxxxxx x xxxxxxxx xxxxxxxx x 1
1 F14 00 FFFFFFFF 1 0 0 8000000B A12CC48E 0546E25C 0 1 01  00000000 1 00000000 20D5323A 0 0
1 F14 00 FFFFFFFF 1 0 0 8000000B A12CC48E 0546E25C 0 1 01  xxxxxxxx x xxxxxxxx xxxxxxxx x 1
1 C81 01 00000040 1 0 0 00000002 50AA99DA 65107B41 0 0 10  00000000 1 00000000 20D5323A 0 0
1 C81 01 00000040 1 0 0 00000002 50AA99DA 65107B41 0 0 10  xxxxxxxx x xxxxxxxx xxxxxxxx x 1
1 304 10 FFFFFFFF 0 0 0 00000003 AC21402F EB604EF5 0 0 11  00000800 0 00000000 20D5323A 0 0
1 304 10 FFFFFFFF 0 0 0 00000003 AC21402F EB604EF5 0 0 11  xxxxxxxx x xxxxxxxx xxxxxxxx x 1
1 F13 01 3A925070 1 0 0 00000004 21569800 ACA04614 1 1 10  00000000 1 00000000 20D5323A 0 0
1 F13 01 3A925070 1 0 0 00000004 21569800 ACA04614 1 1 10  xxxxxxxx x xxxxxxxx xxxxxxxx x 1
1 B80 00 FFFFFFFF 1 1 0 8000000B EF8F7184 FAB9860A 0 1 01  00000000 0 00000000 20D5323A 1 0
1 B80 00 FFFFFFFF 1 1 0 8000000B EF8F7184 FAB9860A 0 1 01  xxxxxxxx x xxxxxxxx xxxxxxxx x 1
1 343 00 FFFFFFFF 1 1 0 00000004 C6DAD9AD E2B3A2FB 1 0 10  49B57B63 0 00000000 20D5323A 1 0
1 343 00 FFFFFFFF 1 1 0 00000004 C6DAD9AD E2B3A2FB 1 0 10  xxxxxxxx x xxxxxxxx xxxxxxxx x 1
1 C80 00 00000000 1 0 0 00000006 493F50E7 605DD47C 0 0 01  FFFFFFFF 1 00000000 20D5323A 1 0
1 C80 00 00000000 1 0 0 00000006 493F50E7 605DD47C 0 0 01  xxxxxxxx x xxxxxxxx xxxxxxxx x 1
1 7C0 01 00000000 1 0 0 00000006 C1515EE9 6BE25F1C 0 1 10  00000000 1 00000000 20D5323A 1 0
1 7C0 01 00000000 1 0 0 00000006 C1515EE9 6BE25F1C 0 1 10  xxxxxxxx x xxxxxxxx xxxxxxxx x 1
1 304 00 00000000 1 0 0 00000003 01048025 C9BE9731 0 1 00  00000800 0 00000000 20D5323A 0 0
1 304 00 00000000 1 0 0 00000003 01048025 C9BE9731 0 1 00  xxxxxxxx x xxxxxxxx xxxxxxxx x 1
1 000 01 C6115122 0 0 0 00000003 0CC44435 1A252D61 0 1 00  00000000 1 00000000 20D5323A 0 0
1 000 01 C6115122 0 0 0 00000003 0CC44435 1A252D61 0 1 00  xxxxxxxx x xxxxxxxx xxxxxxxx x 1
1 305 01 00000200 0 0 0 00000000 173A85FE 1E548B01 0 1 10  00000000 0 00000000 20D5323A 1 0
1 305 01 00000200 0 0 0 00000000 173A85FE 1E548B01 0 1 10  xxxxxxxx x xxxxxxxx xxxxxxxx x 1
1 B00 10 00004000 1 1 0 0000000B 2CE77666 08514913 0 1 10  00000025 0 00000000 20D5323A 1 0
1 B00 10 00004000 1 1 0 0000000B 2CE77666 08514913 0 1 10  xxxxxxxx x xxxxxxxx xxxxxxxx x 1
1 305 01 00000000 1 1 0 00000000 18849F33 D98E46E5 0 0 00  00000000 0 00000000 20D5323A 0 0
1 305 01 00000000 1 1 0 00000000 18849F33 D98E46E5 0 0 00  xxxxxxxx x xxxxxxxx xxxxxxxx x 1
1 F13 00 B17A1A36 0 0 0 00000000 BADF51FE 41D24FC3 0 0 01  00000000 0 00000000 20D5323A 1 0
1 F13 00 B17A1A36 0 0 0 00000000 BADF51FE 41D24FC3 0 0 01  xxxxxxxx x xxxxxxxx xxxxxxxx x 1
1 B80 01 3FA8EF0E 1 1 0 00000006 AA26F48A 04F04FE2 0 0 10  FFFFFFFF 0 00000000 20D5323A 1 0
1 B80 01 3FA8EF0E 1 1 0 00000006 AA26F48A 04F04FE2 0 0 10  xxxxxxxx x xxxxxxxx xxxxxxxx x 1
1 300 10 CC79B93F 1 1 0 8000000B 6A0A1E5B 6DC09395 0 1 01  00001888 0 00000000 20D5323A 1 0
1 300 10 CC79B93F 1 1 0 8000000B 6A0A1E5B 6DC09395 0 1 01  xxxxxxxx x xxxxxxxx xxxxxxxx x 1
1 C03 01 00004000 0 0 0 8000000B 01872F96 250FE53B 0 0 11  00000000 1 00000000 20D5323A 0 0
1 C03 01 00004000 0 0 0 8000000B 01872F96 250FE53B 0 0 11  xxxxxxxx x xxxxxxxx xxxxxxxx x 1
1 C81 01 00004000 0 0 0 00000000 B3A9299D D98A0DB7 0 1 00  FFFFFFFF 0 00000000 20D5323A 0 0
1 C81 01 00004000 0 0 0 00000000 B3A9299D D98A0DB7 0 1 00  xxxxxxxx x xxxxxxxx xxxxxxxx x 1
1 B02 00 00000008 1 1 0 00000002 CDC8360E BCB25443 0 1 00  00000044 0 00000000 20D5323A 0 0
1 B02 00 00000008 1 1 0 00000002 CDC8360E BCB25443 0 1 00  xxxxxxxx x xxxxxxxx xxxxxxxx x 1
1 C80 10 00004000 1 0 0 00000006 04CB2D44 2EB11C36 0 1 11  FFFFFFFF 1 00000000 20D5323A 0 0
1 C80 10 00004000 1 0 0 00000006 04CB2D44 2EB11C36 0 1 11  xxxxxxxx x xxxxxxxx xxxxxxxx x 1
1 B00 00 FFFFFFFF 0 0 0 8000000B 1940054F E6F1AB57 0 1 10  0000002C 0 00000000 20D5323A 0 0
1 B00 00 FFFFFFFF 0 0 0 8000000B 1940054F E6F1AB57 0 1 10  xxxxxxxx x xxxxxxxx xxxxxxxx x 1
1 000 00 00001000 0 0 0 8000000B 8EDBC45F 31299C9E 0 0 10  00000000 1 00000000 20D5323A 0 0
1 000 00 00001000 0 0 0 8000000B 8EDBC45F 31299C9E 0 0 10  xxxxxxxx x xxxxxxxx xxxxxxxx x 1
1 C00 01 00080000 1 0 0 0000000B 8EC61150 2773CCF8 0 1 00  0000002E 1 00000000 20D5323A 0 0
1 C00 01 00080000 1 0 0 0000000B 8EC61150 2773CCF8 0 1 00  xxxxxxxx x xxxxxxxx xxxxxxxx x 1
1 304 01 DC8145A4 1 1 0 00000003 D98ECEC9 BDAAAFCA 0 0 01  00000800 0 00000000 20D5323A 0 0
1 304 01 DC8145A4 1 1 0 00000003 D98ECEC9 BDAAAFCA 0 0 01  xxxxxxxx x xxxxxxxx xxxxxxxx x 1
1 C81 00 02000000 0 0 0 00000000 B9446B80 B985982E 0 1 01  FFFFFFFF 0 00000000 20D5323A 0 0
1 C81 00 02000000 0 0 0 00000000 B9446B80 B985982E 0 1 01  xxxxxxxx x xxxxxxxx xxxxxxxx x 1
1 340 10 FFFFFFFF 1 1 0 0000000B EF59C4A2 C0191761 0 0 11  DBDCB601 0 00000000 20D5323A 0 0
1 340 10 FFFFFFFF 1 1 0 0000000B EF59C4A2 C0191761 0 0 11  xxxxxxxx x xxxxxxxx xxxxxxxx x 1
1 344 10 576A457C 1 1 0 00000004 3BDD76D4 1209BEB6 0 1 01  00000800 0 00000000 20D5323A 0 0
1 344 10 576A457C 1 1 0 00000004 3BDD76D4 1209BEB6 0 1 01  xxxxxxxx x xxxxxxxx xxxxxxxx x 1
1 342 01 00000000 1 1 0 00000004 A643A70A 16346649 0 0 10  00000004 0 00000000 20D5323A 0 0
1 342 01 00000000 1 1 0 00000004 A643A70A 16346649 0 0 10  xxxxxxxx x xxxxxxxx xxxxxxxx x 1
1 F13 10 00000000 0 0 0 00000006 E90A0AC4 344B6D1B 1 1 00  00000000 0 00000000 20D5323A 0 0
1 F13 10 00000000 0 0 0 00000006 E90A0AC4 344B6D1B 1 1 00  xxxxxxxx x xxxxxxxx xxxxxxxx x 1
1 F13 01 116FE105 0 0 0 00000004 B72E29E4 489BA3D8 0 0 10  00000000 0 00000000 20D5323A 1 0
1 F13 01 116FE105 0 0 0 00000004 B72E29E4 489BA3D8 0 0 10  xxxxxxxx x xxxxxxxx xxxxxxxx x 1
1 C80 10 00000100 1 0 0 8000000B ED53C32C 85C47D05 0 1 01  FFFFFFFF 1 00000000 20D5323A 1 0
1 C80 10 00000100 1 0 0 8000000B ED53C32C 85C47D05 0 1 01  xxxxxxxx x xxxxxxxx xxxxxxxx x 1
1 F11 00 0DAD002F 0 0 0 8000000B C0C25717 974A5B3A 0 1 00  00000000 0 00000000 20D5323A 0 0
1 F11 00 0DAD002F 0 0 0 8000000B C0C25717 974A5B3A 0 1 00  xxxxxxxx x xxxxxxxx xxxxxxxx x 1
1 305 01 00001000 1 1 0 00000000 911ACABA ED6C8447 0 1 01  00000000 0 00000000 20D5323A 1 0
1 305 01 00001000 1 1 0 00000000 911ACABA ED6C8447 0 1 01  xxxxxxxx x xxxxxxxx xxxxxxxx x 1
1 F14 01 00000000 1 0 0 8000000B 6CDFF8FE D0FC384E 0 0 01  00000000 1 00001000 20D5323A 1 0
1 F14 01 00000000 1 0 0 8000000B 6CDFF8FE D0FC384E 0 0 01  xxxxxxxx x xxxxxxxx xxxxxxxx x 1
1 302 00 00000000 1 0 1 00000002 5FCD9935 CAF81DB7 0 1 01  00000000 1 00001000 20D5323A 1 0
1 302 00 00000000 1 0 1 00000002 5FCD9935 CAF81DB7 0 1 01  xxxxxxxx x xxxxxxxx xxxxxxxx x 1
1 304 10 00000000 0 0 0 00000006 7CB1651E 072AB772 0 1 11  00000800 0 00001000 5FCD9934 0 0
1 304 10 00000000 0 0 0 00000006 7CB1651E 072AB772 0 1 11  xxxxxxxx x xxxxxxxx xxxxxxxx x 1
1 F14 00 FFFFFFFF 1 0 0 00000004 3CBFD0A3 5A8B3E34 0 1 11  00000000 1 00001000 5FCD9934 0 0
1 F14 00 FFFFFFFF 1 0 0 00000004 3CBFD0A3 5A8B3E34 0 1 11  xxxxxxxx x xxxxxxxx xxxxxxxx x 1
1 340 00 FFFFFFFF 0 0 0 00000004 575EC993 4E0F9202 0 1 10  00000000 0 00001000 5FCD9934 0 0
1 340 00 FFFFFFFF 0 0 0 00000004 575EC993 4E0F9202 0 1 10  xxxxxxxx x xxxxxxxx xxxxxxxx x 1
1 F12 01 80000000 0 0 1 00000002 171E01A7 12F8C3C6 0 0 00  00000000 0 00001000 5FCD9934 0 0
1 F12 01 80000000 0 0 1 00000002 171E01A7 12F8C3C6 0 0 00  xxxxxxxx x xxxxxxxx xxxxxxxx x 1
1 C00 01 00000000 0 0 0 00000004 8CBFD4B7 62E8B18B 0 0 00  0000003F 0 00001000 171E01A6 0 0
1 C00 01 00000000 0 0 0 00000004 8CBFD4B7 62E8B18B 0 0 00  xxxxxxxx x xxxxxxxx xxxxxxxx x 1
1 341 10 FFFFFFFF 0 0 0 00000006 0CAF8E2C 4EFE1521 0 1 10  171E01A6 0 00001000 171E01A6 0 0
1 341 10 FFFFFFFF 0 0 0 00000006 0CAF8E2C 4EFE1521 0 1 10  xxxxxxxx x xxxxxxxx xxxxxxxx x 1
1 C03 00 FFFFFFFF 1 0 0 00000002 D0ED8FDB F4F3B521 0 1 01  00000000 1 00001000 171E01A6 0 0
1 C03 00 FFFFFFFF 1 0 0 00000002 D0ED8FDB F4F3B521 0 1 01  xxxxxxxx x xxxxxxxx xxxxxxxx x 1
1 C00 00 00000000 0 0 0 00000004 41C610E1 E774A045 0 0 01  00000042 0 00001000 171E01A6 0 0
1 C00 00 00000000 0 0 0 00000004 41C610E1 E774A045 0 0 01  xxxxxxxx x xxxxxxxx xxxxxxxx x 1
1 342 10 B150184E 1 1 0 00000006 8B1FAAE1 DA97760B 0 1 00  00000002 0 00001000 171E01A6 0 0
1 342 10 B150184E 1 1 0 00000006 8B1FAAE1 DA97760B 0 1 00  xxxxxxxx x xxxxxxxx xxxxxxxx x 1
1 000 01 00000000 1 0 0 00000006 DF032655 EF9832C6 0 1 01  00000000 1 00001000 171E01A6 0 0
1 000 01 00000000 1 0 0 00000006 DF032655 EF9832C6 0 1 01  xxxxxxxx x xxxxxxxx xxxxxxxx x 1
1 343 10 E6FCD11C 0 0 0 00000003 F76FD56C 85559B52 0 0 11  12F8C3C6 0 00001000 171E01A6 0 0
1 343 10 E6FCD11C 0 0 0 00000003 F76FD56C 85559B52 0 0 11  xxxxxxxx x xxxxxxxx xxxxxxxx x 1
1 F14 10 00000000 0 0 0 8000000B 63EACBEF 66474435 0 1 00  00000000 0 00001000 171E01A6 0 0
1 F14 10 00000000 0 0 0 8000000B 63EACBEF 66474435 0 1 00  xxxxxxxx x xxxxxxxx xxxxxxxx x 1
1 C81 00 00000400 0 0 0 8000000B 9545D627 AC934901 0 0 01  FFFFFFFF 0 00001000 171E01A6 0 0
1 C81 00 00000400 0 0 0 8000000B 9545D627 AC934901 0 0 01  xxxxxxxx x xxxxxxxx xxxxxxxx x 1
1 344 00 04436C75 1 0 1 00000004 63C9B295 7BADEC26 0 0 11  00000800 0 00001000 171E01A6 0 0
1 344 00 04436C75 1 0 1 00000004 63C9B295 7BADEC26 0 0 11  xxxxxxxx x xxxxxxxx xxxxxxxx x 1
1 B80 10 A51EA3E3 1 0 0 00000006 D2007DA9 15FE212B 0 0 11  FFFFFFFF 0 00001000 63C9B294 0 0
1 B80 10 A51EA3E3 1 0 0 00000006 D2007DA9 15FE212B 0 0 11  xxxxxxxx x xxxxxxxx xxxxxxxx x 1
1 304 00 00000040 1 1 0 8000000B 0A1B7ED0 EE96133C 0 0 10  00000800 0 00001000 63C9B294 0 0
1 304 00 00000040 1 1 0 8000000B 0A1B7ED0 EE96133C 0 0 10  xxxxxxxx x xxxxxxxx xxxxxxxx x 1
1 301 00 00000000 1 1 0 00000002 D58478BE E3BEA232 0 0 10  40001104 0 00001000 63C9B294 0 0
1 301 00 00000000 1 1 0 00000002 D58478BE E3BEA232 0 0 10  xxxxxxxx x xxxxxxxx xxxxxxxx x 1
1 7C0 01 B829A0D7 1 0 0 00000003 6D99C03F E8D6E86E 0 0 11  00000000 1 00001000 63C9B294 0 0
1 7C0 01 B829A0D7 1 0 0 00000003 6D99C03F E8D6E86E 0 0 11  xxxxxxxx x xxxxxxxx xxxxxxxx x 1
1 340 01 00000800 1 1 0 00000004 8346253B D511D8B2 0 0 10  00000000 0 00001000 63C9B294 0 0
1 340 01 00000800 1 1 0 00000004 8346253B D511D8B2 0 0 10  xxxxxxxx x xxxxxxxx xxxxxxxx x 1
1 304 10 11CC24CA 0 0 0 00000006 D70FAB0B 9559B832 1 0 11  00000000 0 00001000 63C9B294 0 0
1 304 10 11CC24CA 0 0 0 00000006 D70FAB0B 9559B832 1 0 11  xxxxxxxx x xxxxxxxx xxxxxxxx x 1
1 B00 10 01000000 0 0 0 00000006 4736D62E A8D64067 0 1 11  0000004F 0 00001000 63C9B294 0 0
1 B00 10 01000000 0 0 0 00000006 4736D62E A8D64067 0 1 11  xxxxxxxx x xxxxxxxx xxxxxxxx x 1
1 B02 10 00000001 0 0 0 0000000B 33019251 D9F35F1A 0 1 01  0000001B 0 00001000 63C9B294 0 0
1 B02 10 00000001 0 0 0 0000000B 33019251 D9F35F1A 0 1 01  xxxxxxxx x xxxxxxxx xxxxxxxx x 1
1 C00 10 00001000 0 0 0 00000002 6D0E4E6C 1B7A6313 0 1 00  00000051 0 00001000 63C9B294 0 0
1 C00 10 00001000 0 0 0 00000002 6D0E4E6C 1B7A6313 0 1 00  xxxxxxxx x xxxxxxxx xxxxxxxx x 1
1 B80 01 00000001 0 0 0 0000000B CD81A155 1632D587 0 1 00  FFFFFFFF 0 00001000 63C9B294 0 0
1 B80 01 00000001 0 0 0 0000000B CD81A155 1632D587 0 1 00  xxxxxxxx x xxxxxxxx xxxxxxxx x 1
1 301 01 10000000 0 0 0 0000000B 66141312 9B702278 0 0 10  40001104 0 00001000 63C9B294 0 0
1 301 01 10000000 0 0 0 0000000B 66141312 9B702278 0 0 10  xxxxxxxx x xxxxxxxx xxxxxxxx x 1
1 C03 00 00000004 1 0 0 0000000B 392F0A65 08AE890E 0 0 10  00000000 1 00001000 63C9B294 0 0
1 C03 00 00000004 1 0 0 0000000B 392F0A65 08AE890E 0 0 10  xxxxxxxx x xxxxxxxx xxxxxxxx x 1
1 305 01 00800000 0 0 0 8000000B E11E5676 3AF65F41 0 0 01  00001000 0 00001000 63C9B294 0 0
1 305 01 00800000 0 0 0 8000000B E11E5676 3AF65F41 0 0 01  xxxxxxxx x xxxxxxxx xxxxxxxx x 1
1 F11 00 8C4EFDF9 0 0 0 00000002 FAB9B006 5434738E 0 1 11  00000000 0 00001000 63C9B294 0 0
1 F11 00 8C4EFDF9 0 0 0 00000002 FAB9B006 5434738E 0 1 11  xxxxxxxx x xxxxxxxx xxxxxxxx x 1
1 7C0 01 00000000 0 0 0 0000000B 41610D5B FCD7A3E7 0 0 10  00000000 1 00001000 63C9B294 0 0
1 7C0 01 00000000 0 0 0 0000000B 41610D5B FCD7A3E7 0 0 10  xxxxxxxx x xxxxxxxx xxxxxxxx x 1
1 301 10 00200000 0 0 0 00000004 674A15D3 FDCF61D3 1 0 00  40001104 0 00001000 63C9B294 0 0
1 301 10 00200000 0 0 0 00000004 674A15D3 FDCF61D3 1 0 00  xxxxxxxx x xxxxxxxx xxxxxxxx x 1
1 B80 10 FFFFFFFF 1 1 0 00000000 A902DF5D 6BFFF6C7 0 0 10  FFFFFFFF 0 00001000 63C9B294 0 0
1 B80 10 FFFFFFFF 1 1 0 00000000 A902DF5D 6BFFF6C7 0 0 10  xxxxxxxx x xxxxxxxx xxxxxxxx x 1
1 302 01 00000000 0 0 0 00000002 48C37249 D1C7DF08 0 0 01  00000000 1 00001000 63C9B294 0 0
1 302 01 00000000 0 0 0 00000002 48C37249 D1C7DF08 0 0 01  xxxxxxxx x xxxxxxxx xxxxxxxx x 1
1 F14 01 00000000 0 0 0 00000006 783EAAA8 15D96392 0 0 00  00000000 0 00001000 63C9B294 0 0
1 F14 01 00000000 0 0 0 00000006 783EAAA8 15D96392 0 0 00  xxxxxxxx x xxxxxxxx xxxxxxxx x 1
1 301 01 04000000 1 1 0 8000000B 227AB3D7 50F36461 0 1 11  40001104 0 00001000 63C9B294 0 0
1 301 01 04000000 1 1 0 8000000B 227AB3D7 50F36461 0 1 11  xxxxxxxx x xxxxxxxx xxxxxxxx x 1
1 F14 10 00000000 0 0 0 0000000B BC5099F9 296C7E36 0 0 11  00000000 0 00001000 63C9B294 0 0
1 F14 10 00000000 0 0 0 0000000B BC5099F9 296C7E36 0 0 11  xxxxxxxx x xxxxxxxx xxxxxxxx x 1
1 F13 01 1F0EC162 1 0 0 00000000 AF8B2B5B 161EC891 0 0 01  00000000 1 00001000 63C9B294 0 0
1 F13 01 1F0EC162 1 0 0 00000000 AF8B2B5B 161EC891 0 0 01  xxxxxxxx x xxxxxxxx xxxxxxxx x 1
1 000 01 FFFFFFFF 0 0 0 00000003 B3254115 B4B26B80 0 0 11  00000000 1 00001000 63C9B294 0 0
1 000 01 FFFFFFFF 0 0 0 00000003 B3254115 B4B26B80 0 0 11  xxxxxxxx x xxxxxxxx xxxxxxxx x 1
1 7C0 01 00000000 1 0 0 0000000B 7286AE78 29FCBE9F 0 0 01  00000000 1 00001000 63C9B294 0 0
1 7C0 01 00000000 1 0 0 0000000B 7286AE78 29FCBE9F 0 0 01  xxxxxxxx x xxxxxxxx xxxxxxxx x 1
1 304 10 00100000 1 1 0 00000000 01E55D51 42741BEE 0 0 01  00000000 0 00001000 63C9B294 0 0
1 304 10 00100000 1 1 0 00000000 01E55D51 42741BEE 0 0 01  xxxxxxxx x xxxxxxxx xxxxxxxx x 1
1 F13 00 00000000 0 0 0 00000006 9EB83DEA 957C5104 0 0 01  00000000 0 00001000 63C9B294 0 0
1 F13 00 00000000 0 0 0 00000006 9EB83DEA 957C5104 0 0 01  xxxxxxxx x xxxxxxxx xxxxxxxx x 1
1 F11 01 FFFFFFFF 1 0 0 00000002 929BF1FB EC938D90 0 0 10  00000000 1 00001000 63C9B294 0 0
1 F11 01 FFFFFFFF 1 0 0 00000002 929BF1FB EC938D90 0 0 10  xxxxxxxx x xxxxxxxx xxxxxxxx x 1
1 C02 00 FFFFFFFF 1 0 0 0000000B 27C0C074 A2BDB3F3 0 1 01  00000020 1 00001000 63C9B294 0 0
1 C02 00 FFFFFFFF 1 0 0 0000000B 27C0C074 A2BDB3F3 0 1 01  xxxxxxxx x xxxxxxxx xxxxxxxx x 1
1 C81 00 EE589AC1 0 0 0 0000000B 480960B8 F147C92B 0 1 11  00000000 0 00001000 63C9B294 0 0
1 C81 00 EE589AC1 0 0 0 0000000B 480960B8 F147C92B 0 1 11  xxxxxxxx x xxxxxxxx xxxxxxxx x 1
1 342 10 00002000 1 1 0 00000002 9E37B03D 073A6ED0 0 0 10  00000004 0 00001000 63C9B294 0 0
1 342 10 00002000 1 1 0 00000002 9E37B03D 073A6ED0 0 0 10  xxxxxxxx x xxxxxxxx xxxxxxxx x 1
1 C82 01 FFFFFFFF 1 0 0 00000003 124880A2 43B4EA4B 0 0 11  FFFFFFFF 1 00001000 63C9B294 0 0
1 C82 01 FFFFFFFF 1 0 0 00000003 124880A2 43B4EA4B 0 0 11  xxxxxxxx x xxxxxxxx xxxxxxxx x 1
1 C01 10 00000010 0 0 0 00000006 886D8D64 D916B240 0 1 01  00000067 0 00001000 63C9B294 0 0
1 C01 10 00000010 0 0 0 00000006 886D8D64 D916B240 0 1 01  xxxxxxxx x xxxxxxxx xxxxxxxx x 1
1 300 10 00000000 1 1 0 00000000 4151CD07 FC1A4168 0 0 00  00001888 0 00001000 63C9B294 0 0
1 300 10 00000000 1 1 0 00000000 4151CD07 FC1A4168 0 0 00  xxxxxxxx x xxxxxxxx xxxxxxxx x 1
1 F12 01 00000000 0 0 0 00000006 BC47ECE3 13B8AF93 0 1 11  00000000 0 00001000 63C9B294 0 0
1 F12 01 00000000 0 0 0 00000006 BC47ECE3 13B8AF93 0 1 11  xxxxxxxx x xxxxxxxx xxxxxxxx x 1
1 305 00 00000000 1 0 0 8000000B C9926B99 04BC1EC7 0 0 00  00001000 0 00001000 63C9B294 0 0
1 305 00 00000000 1 0 0 8000000B C9926B99 04BC1EC7 0 0 00  xxxxxxxx x xxxxxxxx xxxxxxxx x 1
1 000 01 D10C8ACC 1 0 0 00000000 A56455FE A798BD5B 0 0 01  00000000 1 00001000 63C9B294 0 0
1 000 01 D10C8ACC 1 0 0 00000000 A56455FE A798BD5B 0 0 01  xxxxxxxx x xxxxxxxx xxxxxxxx x 1
1 344 10 00000000 1 1 0 00000002 B87E5943 52DB9517 0 1 11  00000800 0 00001000 63C9B294 0 0
1 344 10 00000000 1 1 0 00000002 B87E5943 52DB9517 0 1 11  xxxxxxxx x xxxxxxxx xxxxxxxx x 1
1 300 01 00000000 1 0 0 00000006 27980E9D 2421D62C 0 1 10  00001888 0 00001000 63C9B294 0 0
1 300 01 00000000 1 0 0 00000006 27980E9D 2421D62C 0 1 10  xxxxxxxx x xxxxxxxx xxxxxxxx x 1
1 F13 10 00000000 1 0 0 00000006 8F394356 96E556CC 0 1 01  00000000 1 00001000 63C9B294 0 0
1 F13 10 00000000 1 0 0 00000006 8F394356 96E556CC 0 1 01  xxxxxxxx x xxxxxxxx xxxxxxxx x 1
1 B82 10 00000000 0 0 0 00000006 A1752F4A FD2220B1 0 0 01  FFFFFFFF 0 00001000 63C9B294 0 0
1 B82 10 00000000 0 0 0 00000006 A1752F4A FD2220B1 0 0 01  xxxxxxxx x xxxxxxxx xxxxxxxx x 1
1 341 01 00002000 0 0 0 00000006 2DEF03F6 92DC738E 0 1 00  63C9B294 0 00001000 63C9B294 0 0
1 341 01 00002000 0 0 0 00000006 2DEF03F6 92DC738E 0 1 00  xxxxxxxx x xxxxxxxx xxxxxxxx x 1
1 7C0 01 00000000 1 0 0 00000002 DF2BF6B3 E6688081 0 0 00  00000000 1 00001000 63C9B294 0 0
1 7C0 01 00000000 1 0 0 00000002 DF2BF6B3 E6688081 0 0 00  xxxxxxxx x xxxxxxxx xxxxxxxx x 1
1 7C0 00 00000200 0 0 1 00000003 779DB617 A95D950B 0 0 10  00000000 1 00001000 63C9B294 0 0
1 7C0 00 00000200 0 0 1 00000003 779DB617 A95D950B 0 0 10  xxxxxxxx x xxxxxxxx xxxxxxxx x 1
1 B02 01 00020000 1 1 0 00000002 4DD4AD53 49864124 0 1 01  00000028 0 00001000 779DB616 0 0
1 B02 01 00020000 1 1 0 00000002 4DD4AD53 49864124 0 1 01  xxxxxxxx x xxxxxxxx xxxxxxxx x 1
1 C03 00 00000000 0 0 0 00000006 FAC4183A 0B882A0F 0 0 00  00000000 1 00001000 779DB616 0 0
1 C03 00 00000000 0 0 0 00000006 FAC4183A 0B882A0F 0 0 00  xxxxxxxx x xxxxxxxx xxxxxxxx x 1
1 343 01 FFFFFFFF 0 0 0 00000002 3A90690F 77A4A6D3 0 0 00  A95D950B 0 00001000 779DB616 0 0
1 343 01 FFFFFFFF 0 0 0 00000002 3A90690F 77A4A6D3 0 0 00  xxxxxxxx x xxxxxxxx xxxxxxxx x 1
1 B02 10 00000000 1 0 0 00000000 91D7A2F5 EA03E72C 0 0 00  00020028 0 00001000 779DB616 0 0
1 B02 10 00000000 1 0 0 00000000 91D7A2F5 EA03E72C 0 0 00  xxxxxxxx x xxxxxxxx xxxxxxxx x 1
1 342 01 00000000 1 1 0 00000004 EB4568E4 A755A473 0 1 10  00000003 0 00001000 779DB616 0 0
1 342 01 00000000 1 1 0 00000004 EB4568E4 A755A473 0 1 10  xxxxxxxx x xxxxxxxx xxxxxxxx x 1
1 C80 10 FFFFFFFF 1 0 0 00000002 5ED9FB83 6ACB1ABD 0 1 11  00000000 1 00001000 779DB616 0 0
1 C80 10 FFFFFFFF 1 0 0 00000002 5ED9FB83 6ACB1ABD 0 1 11  xxxxxxxx x xxxxxxxx xxxxxxxx x 1
1 C82 10 FFFFFFFF 1 0 0 00000002 1E1A9349 A0D1E16C 0 1 01  FFFFFFFF 1 00001000 779DB616 0 0
1 C82 10 FFFFFFFF 1 0 0 00000002 1E1A9349 A0D1E16C 0 1 01  xxxxxxxx x xxxxxxxx xxxxxxxx x 1
1 342 01 00000000 1 0 0 0000000B 65962DF6 98637CAA 0 0 01  00000003 0 00001000 779DB616 0 0
1 342 01 00000000 1 0 0 0000000B 65962DF6 98637CAA 0 0 01  xxxxxxxx x xxxxxxxx xxxxxxxx x 1
1 7C0 00 FFFFFFFF 1 0 0 8000000B 4F661BE7 B7125330 0 0 10  00000000 1 00001000 779DB616 0 0
1 7C0 00 FFFFFFFF 1 0 0 8000000B 4F661BE7 B7125330 0 0 10  xxxxxxxx x xxxxxxxx xxxxxxxx x 1
1 C03 00 FFFFFFFF 0 0 0 00000003 61515478 40EDF056 0 0 00  00000000 1 00001000 779DB616 0 0
1 C03 00 FFFFFFFF 0 0 0 00000003 61515478 40EDF056 0 0 00  xxxxxxxx x xxxxxxxx xxxxxxxx x 1
1 B82 10 00000000 0 0 0 00000006 FB6B3345 7A0EB27A 0 0 00  FFFFFFFF 0 00001000 779DB616 0 0
1 B82 10 00000000 0 0 0 00000006 FB6B3345 7A0EB27A 0 0 00  xxxxxxxx x xxxxxxxx xxxxxxxx x 1
1 305 00 00000000 0 0 0 00000006 38F910E9 A0FFE740 0 0 10  00001000 0 00001000 779DB616 0 0
1 305 00 00000000 0 0 0 00000006 38F910E9 A0FFE740 0 0 10  xxxxxxxx x xxxxxxxx xxxxxxxx x 1
1 7C0 10 3E38B910 1 0 0 00000004 E93A5851 0ED54718 0 1 00  00000000 1 00001000 779DB616 0 0
1 7C0 10 3E38B910 1 0 0 00000004 E93A5851 0ED54718 0 1 00  xxxxxxxx x xxxxxxxx xxxxxxxx x 1
1 B00 01 FFFFFFFF 0 0 0 00000006 85B75F2F 6CBA12CB 0 1 01  00000080 0 00001000 779DB616 0 0
1 B00 01 FFFFFFFF 0 0 0 00000006 85B75F2F 6CBA12CB 0 1 01  xxxxxxxx x xxxxxxxx xxxxxxxx x 1
1 344 00 80000000 1 0 0 0000000B F8ED71A4 7D0F52C3 0 1 10  00000800 0 00001000 779DB616 0 0
1 344 00 80000000 1 0 0 0000000B F8ED71A4 7D0F52C3 0 1 10  xxxxxxxx x xxxxxxxx xxxxxxxx x 1
1 C82 01 298CE2D2 0 0 0 00000003 22007262 C92F8206 0 0 11  FFFFFFFF 0 00001000 779DB616 0 0
1 C82 01 298CE2D2 0 0 0 00000003 22007262 C92F8206 0 0 11  xxxxxxxx x xxxxxxxx xxxxxxxx x 1
1 340 01 00000000 1 1 0 00000002 53936206 F1FA8D6B 0 1 00  00000800 0 00001000 779DB616 0 0
1 340 01 00000000 1 1 0 00000002 53936206 F1FA8D6B 0 1 00  xxxxxxxx x xxxxxxxx xxxxxxxx x 1
1 340 10 00000800 0 0 0 00000006 E2EBED0A 50AD6FC8 0 0 01  00000800 0 00001000 779DB616 0 0
1 340 10 00000800 0 0 0 00000006 E2EBED0A 50AD6FC8 0 0 01  xxxxxxxx x xxxxxxxx xxxxxxxx x 1
1 C82 10 2F372FD9 0 0 0 00000006 D62BC8F7 38E809B0 1 0 11  FFFFFFFF 0 00001000 779DB616 0 0
1 C82 10 2F372FD9 0 0 0 00000006 D62BC8F7 38E809B0 1 0 11  xxxxxxxx x xxxxxxxx xxxxxxxx x 1
1 C82 00 4081021D 1 0 0 00000002 EB765DC9 F8CDFF67 0 1 00  FFFFFFFF 1 00001000 779DB616 0 0
1 C82 00 4081021D 1 0 0 00000002 EB765DC9 F8CDFF67 0 1 00  xxxxxxxx x xxxxxxxx xxxxxxxx x 1
1 302 10 00000000 1 0 0 00000004 73AE2E96 26F6452C 0 0 10  00000000 1 00001000 779DB616 0 0
1 302 10 00000000 1 0 0 00000004 73AE2E96 26F6452C 0 0 10  xxxxxxxx x xxxxxxxx xxxxxxxx x 1
1 344 01 00000010 1 0 0 00000000 8C391C27 7C4D55AF 0 1 10  00000800 0 00001000 779DB616 0 0
1 344 01 00000010 1 0 0 00000000 8C391C27 7C4D55AF 0 1 10  xxxxxxxx x xxxxxxxx xxxxxxxx x 1
1 300 10 00000400 1 1 0 8000000B B3CCCD43 CCBE1EC0 0 1 11  00001888 0 00001000 779DB616 0 0
1 300 10 00000400 1 1 0 8000000B B3CCCD43 CCBE1EC0 0 1 11  xxxxxxxx x xxxxxxxx xxxxxxxx x 1
1 301 00 00000000 1 0 0 00000003 04C25639 6093DDB3 0 0 11  40001104 0 00001000 779DB616 0 0
1 301 00 00000000 1 0 0 00000003 04C25639 6093DDB3 0 0 11  xxxxxxxx x xxxxxxxx xxxxxxxx x 1
1 305 01 00000000 1 1 0 00000006 C45D242A CFED3DDD 0 0 11  00001000 0 00001000 779DB616 0 0
1 305 01 00000000 1 1 0 00000006 C45D242A CFED3DDD 0 0 11  xxxxxxxx x xxxxxxxx xxxxxxxx x 1
1 C01 00 08000000 0 0 0 00000006 3A3004D5 C7FC97A5 0 0 01  0000008C 0 00001000 779DB616 0 0
1 C01 00 08000000 0 0 0 00000006 3A3004D5 C7FC97A5 0 0 01  xxxxxxxx x xxxxxxxx xxxxxxxx x 1
1 B00 10 FFFFFFFF 1 0 0 00000000 BB53583E C4F34020 0 1 10  0000008D 0 00001000 779DB616 0 0
1 B00 10 FFFFFFFF 1 0 0 00000000 BB53583E C4F34020 0 1 10  xxxxxxxx x xxxxxxxx xxxxxxxx x 1
1 342 01 00800000 1 1 0 8000000B 8A2366DB 095C463F 0 0 11  00000003 0 00001000 779DB616 0 0
1 342 01 00800000 1 1 0 8000000B 8A2366DB 095C463F 0 0 11  xxxxxxxx x xxxxxxxx xxxxxxxx x 1
1 B00 00 77CD642C 0 0 0 8000000B 049B4C1F 0B510D5F 0 1 11  0000008F 0 00001000 779DB616 0 0
1 B00 00 77CD642C 0 0 0 8000000B 049B4C1F 0B510D5F 0 1 11  xxxxxxxx x xxxxxxxx xxxxxxxx x 1
1 C82 10 00000000 0 0 0 8000000B 9A4FF282 6F20D7E4 0 0 01  FFFFFFFF 0 00001000 779DB616 0 0
1 C82 10 00000000 0 0 0 8000000B 9A4FF282 6F20D7E4 0 0 01  xxxxxxxx x xxxxxxxx xxxxxxxx x 1
1 B02 00 00000000 1 1 0 0000000B B547E8DE 80D06F89 0 0 11  00020034 0 00001000 779DB616 0 0
1 B02 00 00000000 1 1 0 0000000B B547E8DE 80D06F89 0 0 11  xxxxxxxx x xxxxxxxx xxxxxxxx x 1
1 344 00 00100000 1 1 0 00000000 253EEA63 0FD9EB3E 0 0 11  00000800 0 00001000 779DB616 0 0
1 344 00 00100000 1 1 0 00000000 253EEA63 0FD9EB3E 0 0 11  xxxxxxxx x xxxxxxxx xxxxxxxx x 1
1 300 00 00000004 0 0 0 00000004 5F96E75A 4E35D9BA 0 1 00  00001888 0 00001000 779DB616 0 0
1 300 00 00000004 0 0 0 00000004 5F96E75A 4E35D9BA 0 1 00  xxxxxxxx x xxxxxxxx xxxxxxxx x 1
1 F14 01 00000000 0 0 0 8000000B AC80B3CF 7980D2D2 0 0 10  00000000 0 00001000 779DB616 0 0
1 F14 01 00000000 0 0 0 8000000B AC80B3CF 7980D2D2 0 0 10  xxxxxxxx x xxxxxxxx xxxxxxxx x 1
1 341 10 6D5D26BE 1 0 0 00000003 9820831C BE8E7959 0 1 01  779DB616 0 00001000 779DB616 0 0
1 341 10 6D5D26BE 1 0 0 00000003 9820831C BE8E7959 0 1 01  xxxxxxxx x xxxxxxxx xxxxxxxx x 1
1 C01 00 00000000 0 0 0 00000006 81C0CDD8 A512BE00 0 1 00  00000096 0 00001000 779DB616 0 0
1 C01 00 00000000 0 0 0 00000006 81C0CDD8 A512BE00 0 1 00  xxxxxxxx x xxxxxxxx xxxxxxxx x 1
1 C01 01 00000000 1 0 0 00000000 49B8C66D EA6DA98C 0 1 01  00000097 1 00001000 779DB616 0 0
1 C01 01 00000000 1 0 0 00000000 49B8C66D EA6DA98C 0 1 01  xxxxxxxx x xxxxxxxx xxxxxxxx x 1
1 000 01 FFFFFFFF 0 0 0 00000002 D99F377B EA669FE5 0 1 10  00000000 1 00001000 779DB616 0 0
1 000 01 FFFFFFFF 0 0 0 00000002 D99F377B EA669FE5 0 1 10  xxxxxxxx x xxxxxxxx xxxxxxxx x 1
1 C80 01 223AEEFC 1 0 0 00000000 5E74C5C3 89227DA0 1 1 01  00000000 1 00001000 779DB616 0 0
1 C80 01 223AEEFC 1 0 0 00000000 5E74C5C3 89227DA0 1 1 01  xxxxxxxx x xxxxxxxx xxxxxxxx x 1
1 B82 00 8A43E4C5 1 1 0 00000003 5ED4871A BBFBB53A 0 1 10  FFFFFFFF 0 00001000 779DB616 0 0
1 B82 00 8A43E4C5 1 1 0 00000003 5ED4871A BBFBB53A 0 1 10  xxxxxxxx x xxxxxxxx xxxxxxxx x 1
1 F14 10 00000000 1 0 0 00000000 14261D07 66718F15 0 0 01  00000000 1 00001000 779DB616 0 0
1 F14 10 00000000 1 0 0 00000000 14261D07 66718F15 0 0 01  xxxxxxxx x xxxxxxxx xxxxxxxx x 1
1 341 00 00080000 0 0 1 00000006 499516E2 8C724DB4 0 1 10  779DB616 0 00001000 779DB616 0 0
1 341 00 00080000 0 0 1 00000006 499516E2 8C724DB4 0 1 10  xxxxxxxx x xxxxxxxx xxxxxxxx x 1
1 342 10 FFFFFFFF 1 1 0 00000002 F70E5328 03DC47E5 0 0 01  00000006 0 00001000 499516E2 0 0
1 342 10 FFFFFFFF 1 1 0 00000002 F70E5328 03DC47E5 0 0 01  xxxxxxxx x xxxxxxxx xxxxxxxx x 1
1 B00 00 00000000 1 1 0 00000004 236307FA 2134AB42 0 0 10  0000009E 0 00001000 499516E2 0 0
1 B00 00 00000000 1 1 0 00000004 236307FA 2134AB42 0 0 10  xxxxxxxx x xxxxxxxx xxxxxxxx x 1
1 B82 10 FFFFFFFF 1 0 0 8000000B 6D357D59 5ED91A69 0 0 11  8A43E4C5 0 00001000 499516E2 0 0
1 B82 10 FFFFFFFF 1 0 0 8000000B 6D357D59 5ED91A69 0 0 11  xxxxxxxx x xxxxxxxx xxxxxxxx x 1
1 F14 01 FFFFFFFF 1 0 0 00000004 83196EB2 7C3B5B96 0 1 01  00000000 1 00001000 499516E2 0 0
1 F14 01 FFFFFFFF 1 0 0 00000004 83196EB2 7C3B5B96 0 1 01  xxxxxxxx x xxxxxxxx xxxxxxxx x 1
1 302 01 10000000 1 0 0 00000002 FCF81FCC 567FB01B 0 1 10  00000000 1 00001000 499516E2 0 0
1 302 01 10000000 1 0 0 00000002 FCF81FCC 567FB01B 0 1 10  xxxxxxxx x xxxxxxxx xxxxxxxx x 1
1 000 01 707A286B 1 0 0 00000002 BF5E4B21 FC5FC308 0 0 11  00000000 1 00001000 499516E2 0 0
1 000 01 707A286B 1 0 0 00000002 BF5E4B21 FC5FC308 0 0 11  xxxxxxxx x xxxxxxxx xxxxxxxx x 1
1 343 10 00000000 1 1 0 00000006 53CE11AA 41A2F920 0 1 00  8C724DB4 0 00001000 499516E2 0 0
1 343 10 00000000 1 1 0 00000006 53CE11AA 41A2F920 0 1 00  xxxxxxxx x xxxxxxxx xxxxxxxx x 1
1 300 01 00000000 1 1 0 00000002 3CF72D20 314FA943 0 1 10  00001880 0 00001000 499516E2 0 0
1 300 01 00000000 1 1 0 00000002 3CF72D20 314FA943 0 1 10  xxxxxxxx x xxxxxxxx xxxxxxxx x 1
1 C03 00 049C1179 0 0 0 00000000 3E9F8DD7 5A36429B 0 0 10  00000000 1 00001000 499516E2 0 0
1 C03 00 049C1179 0 0 0 00000000 3E9F8DD7 5A36429B 0 0 10  xxxxxxxx x xxxxxxxx xxxxxxxx x 1
1 F14 00 F80E25C7 0 0 0 00000000 6CD15A09 E06F169A 0 0 00  00000000 0 00001000 499516E2 0 0
1 F14 00 F80E25C7 0 0 0 00000000 6CD15A09 E06F169A 0 0 00  xxxxxxxx x xxxxxxxx xxxxxxxx x 1
1 C81 01 FFFFFFFF 1 0 0 00000004 4501DA34 06FBD055 0 1 01  00000000 1 00001000 499516E2 0 0
1 C81 01 FFFFFFFF 1 0 0 00000004 4501DA34 06FBD055 0 1 01  xxxxxxxx x xxxxxxxx xxxxxxxx x 1
1 305 01 0A8D2FC7 0 0 0 00000000 7F766D08 3A13699D 0 0 10  00001000 0 00001000 499516E2 0 0
1 305 01 0A8D2FC7 0 0 0 00000000 7F766D08 3A13699D 0 0 10  xxxxxxxx x xxxxxxxx xxxxxxxx x 1
1 000 10 271C22E0 1 0 0 0000000B B04FB5E5 72A2D658 0 0 00  00000000 1 00001000 499516E2 0 0
1 000 10 271C22E0 1 0 0 0000000B B04FB5E5 72A2D658 0 0 00  xxxxxxxx x xxxxxxxx xxxxxxxx x 1
1 301 00 FFFFFFFF 1 1 0 00000003 4A7BF462 FD35D925 0 0 01  40001104 0 00001000 499516E2 0 0
1 301 00 FFFFFFFF 1 1 0 00000003 4A7BF462 FD35D925 0 0 01  xxxxxxxx x xxxxxxxx xxxxxxxx x 1
1 F13 00 FFFFFFFF 1 0 0 00000004 9EAC1046 475A3D52 0 0 11  00000000 1 00001000 499516E2 0 0
1 F13 00 FFFFFFFF 1 0 0 00000004 9EAC1046 475A3D52 0 0 11  xxxxxxxx x xxxxxxxx xxxxxxxx x 1
1 301 00 00800000 1 1 0 00000006 4ED89F0D EAB9638C 0 1 10  40001104 0 00001000 499516E2 0 0
1 301 00 00800000 1 1 0 00000006 4ED89F0D EAB9638C 0 1 10  xxxxxxxx x xxxxxxxx xxxxxxxx x 1
1 344 01 04000000 0 0 0 00000000 B0CE3903 675F9485 0 0 01  00000800 0 00001000 499516E2 0 0
1 344 01 04000000 0 0 0 00000000 B0CE3903 675F9485 0 0 01  xxxxxxxx x xxxxxxxx xxxxxxxx x 1
1 C80 01 6D3FE009 1 0 0 8000000B 4BA6D08A F52A9178 0 0 10  00000000 1 00001000 499516E2 0 0
1 C80 01 6D3FE009 1 0 0 8000000B 4BA6D08A F52A9178 0 0 10  xxxxxxxx x xxxxxxxx xxxxxxxx x 1
1 343 00 01000000 0 0 0 00000006 402DDBBB 1AD5A01A 0 1 10  8C724DB4 0 00001000 499516E2 0 0
1 343 00 01000000 0 0 0 00000006 402DDBBB 1AD5A01A 0 1 10  xxxxxxxx x xxxxxxxx xxxxxxxx x 1
1 B00 10 DC9EBC4F 0 0 0 00000000 B008A100 E3B7F7B1 0 0 00  00000011 0 00001000 499516E2 0 0
1 B00 10 DC9EBC4F 0 0 0 00000000 B008A100 E3B7F7B1 0 0 00  xxxxxxxx x xxxxxxxx xxxxxxxx x 1
1 B80 01 00000000 1 0 0 00000004 9BC08AB4 E1E7E758 0 0 11  00000000 0 00001000 499516E2 0 0
1 B80 01 00000000 1 0 0 00000004 9BC08AB4 E1E7E758 0 0 11  xxxxxxxx x xxxxxxxx xxxxxxxx x 1
1 000 10 F28AE07C 1 0 0 00000004 550CE5D4 E6E10BD7 0 1 00  00000000 1 00001000 499516E2 0 0
1 000 10 F28AE07C 1 0 0 00000004 550CE5D4 E6E10BD7 0 1 00  xxxxxxxx x xxxxxxxx xxxxxxxx x 1
1 C03 10 00000000 1 0 1 00000004 D17D762F 75670162 0 1 01  00000000 1 00001000 499516E2 0 0
1 C03 10 00000000 1 0 1 00000004 D17D762F 75670162 0 1 01  xxxxxxxx x xxxxxxxx xxxxxxxx x 1
1 000 10 7599ECB4 0 0 0 00000002 ACE62C16 5F6CA960 0 0 00  00000000 1 00001000 D17D762E 0 0
1 000 10 7599ECB4 0 0 0 00000002 ACE62C16 5F6CA960 0 0 00  xxxxxxxx x xxxxxxxx xxxxxxxx x 1
1 C02 01 00000000 1 0 0 00000004 B04C00B7 CDC781F1 0 1 01  00000010 1 00001000 D17D762E 0 0
1 C02 01 00000000 1 0 0 00000004 B04C00B7 CDC781F1 0 1 01  xxxxxxxx x xxxxxxxx xxxxxxxx x 1
1 342 10 00000000 1 0 0 00000006 874913C1 6736B25B 0 1 01  00000004 0 00001000 D17D762E 0 0
1 342 10 00000000 1 0 0 00000006 874913C1 6736B25B 0 1 01  xxxxxxxx x xxxxxxxx xxxxxxxx x 1
1 341 00 00020000 0 0 0 00000004 6F3C5C5C 382A9AEB 0 1 01  D17D762E 0 00001000 D17D762E 0 0
1 341 00 00020000 0 0 0 00000004 6F3C5C5C 382A9AEB 0 1 01  xxxxxxxx x xxxxxxxx xxxxxxxx x 1
1 F12 00 FFFFFFFF 0 0 0 0000000B B3CB99B9 7326C5FD 0 1 10  00000000 0 00001000 D17D762E 0 0
1 F12 00 FFFFFFFF 0 0 0 0000000B B3CB99B9 7326C5FD 0 1 10  xxxxxxxx x xxxxxxxx xxxxxxxx x 1
1 C82 10 00000000 1 0 0 00000002 6894AA32 0CE21516 0 0 10  8A43E4C5 1 00001000 D17D762E 0 0
1 C82 10 00000000 1 0 0 00000002 6894AA32 0CE21516 0 0 10  xxxxxxxx x xxxxxxxx xxxxxxxx x 1
1 302 00 19F4DB36 0 0 0 8000000B E42EBDB6 A5176201 0 0 11  00000000 1 00001000 D17D762E 0 0
1 302 00 19F4DB36 0 0 0 8000000B E42EBDB6 A5176201 0 0 11  xxxxxxxx x xxxxxxxx xxxxxxxx x 1
1 342 01 FFFFFFFF 1 1 0 00000006 C34C0F43 83303C04 0 1 11  00000004 0 00001000 D17D762E 0 0
1 342 01 FFFFFFFF 1 1 0 00000006 C34C0F43 83303C04 0 1 11  xxxxxxxx x xxxxxxxx xxxxxxxx x 1
1 F14 10 53160216 0 0 0 00000004 61919DBB 4095FFD7 0 0 11  00000000 0 00001000 D17D762E 0 0
1 F14 10 53160216 0 0 0 00000004 61919DBB 4095FFD7 0 0 11  xxxxxxxx x xxxxxxxx xxxxxxxx x 1
1 342 10 FFFFFFFF 1 1 0 00000006 B1A76FB9 C22D7CD8 0 0 01  FFFFFFFF 0 00001000 D17D762E 0 0
1 342 10 FFFFFFFF 1 1 0 00000006 B1A76FB9 C22D7CD8 0 0 01  xxxxxxxx x xxxxxxxx xxxxxxxx x 1
1 7C0 10 FFFFFFFF 0 0 0 00000002 EF5161FF 9DDB13F4 0 0 11  00000000 1 00001000 D17D762E 0 0
1 7C0 10 FFFFFFFF 0 0 0 00000002 EF5161FF 9DDB13F4 0 0 11  xxxxxxxx x xxxxxxxx xxxxxxxx x 1
1 C80 01 00000004 1 0 0 8000000B E473DD30 5D7A55A0 0 0 11  00000000 1 00001000 D17D762E 0 0
1 C80 01 00000004 1 0 0 8000000B E473DD30 5D7A55A0 0 0 11  xxxxxxxx x xxxxxxxx xxxxxxxx x 1
1 C00 01 80000000 1 0 0 00000004 61370A3A BF80655B 0 0 11  00000021 1 00001000 D17D762E 0 0
1 C00 01 80000000 1 0 0 00000004 61370A3A BF80655B 0 0 11  xxxxxxxx x xxxxxxxx xxxxxxxx x 1
1 302 01 00000020 1 0 0 00000002 7C37E736 500B1FC9 0 0 00  00000000 1 00001000 D17D762E 0 0
1 302 01 00000020 1 0 0 00000002 7C37E736 500B1FC9 0 0 00  xxxxxxxx x xxxxxxxx xxxxxxxx x 1
1 B80 10 00000200 1 0 0 00000006 4C511668 98CBB5D9 0 0 00  00000000 0 00001000 D17D762E 0 0
1 B80 10 00000200 1 0 0 00000006 4C511668 98CBB5D9 0 0 00  xxxxxxxx x xxxxxxxx xxxxxxxx x 1
1 300 00 00000200 1 1 1 00000006 D179F76F A2B6380C 0 0 01  00001800 0 00001000 D17D762E 0 0
1 300 00 00000200 1 1 1 00000006 D179F76F A2B6380C 0 0 01  xxxxxxxx x xxxxxxxx xxxxxxxx x 1
1 340 00 B9965543 1 1 0 00000006 B0859383 19792974 0 0 00  00000800 0 00001000 D179F76E 0 0
1 340 00 B9965543 1 1 0 00000006 B0859383 19792974 0 0 00  xxxxxxxx x xxxxxxxx xxxxxxxx x 1
1 F12 01 00000000 1 0 0 8000000B 5052C35A 8EA78331 0 0 00  00000000 1 00001000 D179F76E 0 0
1 F12 01 00000000 1 0 0 8000000B 5052C35A 8EA78331 0 0 00  xxxxxxxx x xxxxxxxx xxxxxxxx x 1
1 343 10 00000000 0 0 1 00000003 333F64FB C355968B 0 0 11  A2B6380C 0 00001000 D179F76E 0 0
1 343 10 00000000 0 0 1 00000003 333F64FB C355968B 0 0 11  xxxxxxxx x xxxxxxxx xxxxxxxx x 1
1 C02 10 00000000 0 0 0 8000000B 39A4226C 90E951FC 0 1 11  00000015 0 00001000 333F64FA 0 0
1 C02 10 00000000 0 0 0 8000000B 39A4226C 90E951FC 0 1 11  xxxxxxxx x xxxxxxxx xxxxxxxx x 1
1 343 01 FFFFFFFF 0 0 0 0000000B CF63038A 8DCD977B 0 1 10  C355968B 0 00001000 333F64FA 0 0
1 343 01 FFFFFFFF 0 0 0 0000000B CF63038A 8DCD977B 0 1 10  xxxxxxxx x xxxxxxxx xxxxxxxx x 1
1 C03 00 00001000 1 0 0 0000000B 7C623290 0D3A608A 0 0 00  00000000 1 00001000 333F64FA 0 0
1 C03 00 00001000 1 0 0 0000000B 7C623290 0D3A608A 0 0 00  xxxxxxxx x xxxxxxxx xxxxxxxx x 1
1 7C0 01 00000000 1 0 0 0000000B 4A9F1BED 63B33B4E 0 1 11  00000000 1 00001000 333F64FA 0 0
1 7C0 01 00000000 1 0 0 0000000B 4A9F1BED 63B33B4E 0 1 11  xxxxxxxx x xxxxxxxx xxxxxxxx x 1
1 C82 10 D2509BDB 0 0 0 00000002 0F0E6E3B 6CC3C1EE 0 0 10  8A43E4C5 0 00001000 333F64FA 0 0
1 C82 10 D2509BDB 0 0 0 00000002 0F0E6E3B 6CC3C1EE 0 0 10  xxxxxxxx x xxxxxxxx xxxxxxxx x 1
1 C03 00 FFFFFFFF 1 0 0 0000000B 985C2EB7 3618B733 0 1 10  00000000 1 00001000 333F64FA 0 0
1 C03 00 FFFFFFFF 1 0 0 0000000B 985C2EB7 3618B733 0 1 10  xxxxxxxx x xxxxxxxx xxxxxxxx x 1
1 305 01 00004000 1 1 0 00000004 BBDCAC5F 7CB15A7D 0 0 01  00001000 0 00001000 333F64FA 0 0
1 305 01 00004000 1 1 0 00000004 BBDCAC5F 7CB15A7D 0 0 01  xxxxxxxx x xxxxxxxx xxxxxxxx x 1
1 C01 01 5A06C78C 1 0 0 00000000 AF73659C D8A5A6AA 0 0 11  0000002F 1 00005000 333F64FA 0 0
1 C01 01 5A06C78C 1 0 0 00000000 AF73659C D8A5A6AA 0 0 11  xxxxxxxx x xxxxxxxx xxxxxxxx x 1
1 C82 00 08000000 0 0 0 00000006 B39F2ECA EED73098 1 1 00  8A43E4C5 0 00005000 333F64FA 0 0
1 C82 00 08000000 0 0 0 00000006 B39F2ECA EED73098 1 1 00  xxxxxxxx x xxxxxxxx xxxxxxxx x 1
1 C00 00 00200000 0 0 0 00000003 F4F9EBA7 2FF71E2B 0 1 11  00000031 0 00005000 333F64FA 0 0
1 C00 00 00200000 0 0 0 00000003 F4F9EBA7 2FF71E2B 0 1 11  xxxxxxxx x xxxxxxxx xxxxxxxx x 1
1 343 00 23A606C3 1 1 0 00000002 18B43585 12B63EB2 0 1 10  C355968B 0 00005000 333F64FA 0 0
1 343 00 23A606C3 1 1 0 00000002 18B43585 12B63EB2 0 1 10  xxxxxxxx x xxxxxxxx xxxxxxxx x 1
1 B02 10 00001000 1 1 0 00000006 B2744CEE DD8B2F4E 0 1 01  0000001C 0 00005000 333F64FA 0 0
1 B02 10 00001000 1 1 0 00000006 B2744CEE DD8B2F4E 0 1 01  xxxxxxxx x xxxxxxxx xxxxxxxx x 1
1 342 01 00000200 0 0 0 8000000B A87C7A61 7220C881 0 0 00  00000003 0 00005000 333F64FA 0 0
1 342 01 00000200 0 0 0 8000000B A87C7A61 7220C881 0 0 00  xxxxxxxx x xxxxxxxx xxxxxxxx x 1
1 344 10 00000080 0 0 0 00000000 3CC637FB 6C16A9BC 0 0 10  00000800 0 00005000 333F64FA 0 0
1 344 10 00000080 0 0 0 00000000 3CC637FB 6C16A9BC 0 0 10  xxxxxxxx x xxxxxxxx xxxxxxxx x 1
1 342 00 00000000 1 1 1 00000002 30687FBB 1F0EA1D2 0 0 10  00000003 0 00005000 333F64FA 0 0
1 342 00 00000000 1 1 1 00000002 30687FBB 1F0EA1D2 0 0 10  xxxxxxxx x xxxxxxxx xxxxxxxx x 1
1 C01 00 00000000 1 0 1 00000004 4BF4605C BC62150A 0 1 01  00000037 1 00005000 30687FBA 0 0
1 C01 00 00000000 1 0 1 00000004 4BF4605C BC62150A 0 1 01  xxxxxxxx x xxxxxxxx xxxxxxxx x 1
1 B02 00 FFFFFFFF 1 1 0 00000006 B32807A7 CDD6394D 0 0 01  0000001D 0 00005000 4BF4605C 0 0
1 B02 00 FFFFFFFF 1 1 0 00000006 B32807A7 CDD6394D 0 0 01  xxxxxxxx x xxxxxxxx xxxxxxxx x 1
1 341 01 00000010 1 1 0 00000006 AE47A0E8 C953349B 0 1 00  4BF4605C 0 00005000 4BF4605C 0 0
1 341 01 00000010 1 1 0 00000006 AE47A0E8 C953349B 0 1 00  xxxxxxxx x xxxxxxxx xxxxxxxx x 1
1 342 10 36F12F3E 1 1 0 00000002 37C3588F 6FDD3E60 0 1 11  00000004 0 00005000 4BF4605C 0 0
1 342 10 36F12F3E 1 1 0 00000002 37C3588F 6FDD3E60 0 1 11  xxxxxxxx x xxxxxxxx xxxxxxxx x 1
1 B82 01 FFFFFFFF 1 1 0 0000000B 3C5DCDF9 69729178 0 1 01  8A43E4C6 0 00005000 4BF4605C 0 0
1 B82 01 FFFFFFFF 1 1 0 0000000B 3C5DCDF9 69729178 0 1 01  xxxxxxxx x xxxxxxxx xxxxxxxx x 1
1 F13 01 00000000 1 0 0 0000000B DF7AE354 9BDB968C 0 1 00  00000000 1 00005000 4BF4605C 0 0
1 F13 01 00000000 1 0 0 0000000B DF7AE354 9BDB968C 0 1 00  xxxxxxxx x xxxxxxxx xxxxxxxx x 1
1 305 10 6C4329C3 1 1 0 00000006 47AE3F2D FC54AFDB 0 0 10  00005000 0 00005000 4BF4605C 0 0
1 305 10 6C4329C3 1 1 0 00000006 47AE3F2D FC54AFDB 0 0 10  xxxxxxxx x xxxxxxxx xxxxxxxx x 1
1 344 10 979E0219 1 1 0 0000000B 187504C4 C6509B27 0 1 11  00000800 0 00005000 4BF4605C 0 0
1 344 10 979E0219 1 1 0 0000000B 187504C4 C6509B27 0 1 11  xxxxxxxx x xxxxxxxx xxxxxxxx x 1
1 C82 01 FFFFFFFF 1 0 0 00000003 C74DA667 D307F074 0 0 00  FFFFFFFF 1 00005000 4BF4605C 0 0
1 C82 01 FFFFFFFF 1 0 0 00000003 C74DA667 D307F074 0 0 00  xxxxxxxx x xxxxxxxx xxxxxxxx x 1
1 C03 10 00000000 1 0 0 00000002 4EA5091A 37257EBC 0 1 10  00000000 1 00005000 4BF4605C 0 0
1 C03 10 00000000 1 0 0 00000002 4EA5091A 37257EBC 0 1 10  xxxxxxxx x xxxxxxxx xxxxxxxx x 1
1 C02 10 00000000 1 0 0 0000000B 2B6A2FAB D0445B76 0 1 01  00000004 1 00005000 4BF4605C 0 0
1 C02 10 00000000 1 0 0 0000000B 2B6A2FAB D0445B76 0 1 01  xxxxxxxx x xxxxxxxx xxxxxxxx x 1
1 B82 00 A7528A4A 1 1 0 00000004 F2520EC9 174FA0D9 0 1 00  FFFFFFFF 0 00005000 4BF4605C 0 0
1 B82 00 A7528A4A 1 1 0 00000004 F2520EC9 174FA0D9 0 1 00  xxxxxxxx x xxxxxxxx xxxxxxxx x 1
1 341 01 00000000 1 1 0 00000004 AE0DE71E 682628E4 0 0 11  4BF4605C 0 00005000 4BF4605C 0 0
1 341 01 00000000 1 1 0 00000004 AE0DE71E 682628E4 0 0 11  xxxxxxxx x xxxxxxxx xxxxxxxx x 1
1 302 01 00000020 1 0 0 00000003 4C7AB62B 3DC61603 0 1 00  00000000 1 00005000 4BF4605C 0 0
1 302 01 00000020 1 0 0 00000003 4C7AB62B 3DC61603 0 1 00  xxxxxxxx x xxxxxxxx xxxxxxxx x 1
1 F13 00 00100000 0 0 0 00000004 F9280A28 C33A74D7 0 1 01  00000000 0 00005000 4BF4605C 0 0
1 F13 00 00100000 0 0 0 00000004 F9280A28 C33A74D7 0 1 01  xxxxxxxx x xxxxxxxx xxxxxxxx x 1
1 301 01 00000000 0 0 0 8000000B 5DEDAFB3 D4043017 0 0 00  40001104 0 00005000 4BF4605C 0 0
1 301 01 00000000 0 0 0 8000000B 5DEDAFB3 D4043017 0 0 00  xxxxxxxx x xxxxxxxx xxxxxxxx x 1
1 301 00 04000000 1 0 0 00000003 7EDAEB37 79087298 0 0 10  40001104 0 00005000 4BF4605C 0 0
1 301 00 04000000 1 0 0 00000003 7EDAEB37 79087298 0 0 10  xxxxxxxx x xxxxxxxx xxxxxxxx x 1
1 F12 01 FFFFFFFF 1 0 0 00000004 5E36BBF3 EAD9AAD5 0 0 01  00000000 1 00005000 4BF4605C 0 0
1 F12 01 FFFFFFFF 1 0 0 00000004 5E36BBF3 EAD9AAD5 0 0 01  xxxxxxxx x xxxxxxxx xxxxxxxx x 1
1 B02 00 00000000 0 0 0 00000000 DFB9A594 E210D7F0 0 0 10  00000007 0 00005000 4BF4605C 0 0
1 B02 00 00000000 0 0 0 00000000 DFB9A594 E210D7F0 0 0 10  xxxxxxxx x xxxxxxxx xxxxxxxx x 1
1 C01 01 FFFFFFFF 1 0 0 00000000 B25E91FC 75468137 0 1 01  0000004A 1 00005000 4BF4605C 0 0
1 C01 01 FFFFFFFF 1 0 0 00000000 B25E91FC 75468137 0 1 01  xxxxxxxx x xxxxxxxx xxxxxxxx x 1
1 302 01 FFFFFFFF 1 0 0 00000004 06F63203 F5E5341B 0 1 00  00000000 1 00005000 4BF4605C 0 0
1 302 01 FFFFFFFF 1 0 0 00000004 06F63203 F5E5341B 0 1 00  xxxxxxxx x xxxxxxxx xxxxxxxx x 1
1 C01 10 00008000 0 0 0 00000006 3E71DDDA 80925A06 1 0 00  0000004C 0 00005000 4BF4605C 0 0
1 C01 10 00008000 0 0 0 00000006 3E71DDDA 80925A06 1 0 00  xxxxxxxx x xxxxxxxx xxxxxxxx x 1
1 302 00 00000000 1 0 0 00000006 3649ABA0 9D804A79 0 1 10  00000000 1 00005000 4BF4605C 0 0
1 302 00 00000000 1 0 0 00000006 3649ABA0 9D804A79 0 1 10  xxxxxxxx x xxxxxxxx xxxxxxxx x 1
1 B82 01 00000000 1 1 0 00000000 EB8D426B E9F59D6C 0 1 10  A7528A4A 0 00005000 4BF4605C 0 0
1 B82 01 00000000 1 1 0 00000000 EB8D426B E9F59D6C 0 1 10  xxxxxxxx x xxxxxxxx xxxxxxxx x 1
1 305 10 00000000 0 0 0 00000002 624408FB 48EC1997 0 0 01  00005000 0 00005000 4BF4605C 0 0
1 305 10 00000000 0 0 0 00000002 624408FB 48EC1997 0 0 01  xxxxxxxx x xxxxxxxx xxxxxxxx x 1
1 B02 01 A6AC0E81 1 1 0 00000004 16E75138 0EB6C8D2 1 1 11  0000000A 0 00005000 4BF4605C 0 0
1 B02 01 A6AC0E81 1 1 0 00000004 16E75138 0EB6C8D2 1 1 11  xxxxxxxx x xxxxxxxx xxxxxxxx x 1
1 340 00 BE3DCA3A 1 0 0 00000003 93A01656 6A43EA08 0 0 00  B9965543 0 00005000 4BF4605C 0 0
1 340 00 BE3DCA3A 1 0 0 00000003 93A01656 6A43EA08 0 0 00  xxxxxxxx x xxxxxxxx xxxxxxxx x 1
1 F14 00 00000040 1 0 0 00000003 144A11A1 9787423A 0 1 00  00000000 1 00005000 4BF4605C 0 0
1 F14 00 00000040 1 0 0 00000003 144A11A1 9787423A 0 1 00  xxxxxxxx x xxxxxxxx xxxxxxxx x 1
1 F14 01 FFFFFFFF 1 0 0 00000002 9F33121B 39A24B35 0 1 11  00000000 1 00005000 4BF4605C 0 0
1 F14 01 FFFFFFFF 1 0 0 00000002 9F33121B 39A24B35 0 1 11  xxxxxxxx x xxxxxxxx xxxxxxxx x 1
1 B82 10 FFFFFFFF 1 1 0 00000002 B7ACE9E6 355358B9 0 1 10  A7528A4A 0 00005000 4BF4605C 0 0
1 B82 10 FFFFFFFF 1 1 0 00000002 B7ACE9E6 355358B9 0 1 10  xxxxxxxx x xxxxxxxx xxxxxxxx x 1
1 340 10 FFFFFFFF 0 0 0 00000003 10D5FA6A 2CBA540A 0 1 01  B9965543 0 00005000 4BF4605C 0 0
1 340 10 FFFFFFFF 0 0 0 00000003 10D5FA6A 2CBA540A 0 1 01  xxxxxxxx x xxxxxxxx xxxxxxxx x 1
1 302 10 ACDE806D 1 0 0 00000000 5744EF4B F4F7B2A7 1 1 01  00000000 1 00005000 4BF4605C 0 0
1 302 10 ACDE806D 1 0 0 00000000 5744EF4B F4F7B2A7 1 1 01  xxxxxxxx x xxxxxxxx xxxxxxxx x 1
1 000 10 FFFFFFFF 0 0 0 00000002 AA53A9E9 495978FE 0 0 11  00000000 1 00005000 4BF4605C 0 0
1 000 10 FFFFFFFF 0 0 0 00000002 AA53A9E9 495978FE 0 0 11  xxxxxxxx x xxxxxxxx xxxxxxxx x 1
1 302 00 FFFFFFFF 1 0 0 00000006 B1BE7C14 B0D6C824 0 0 01  00000000 1 00005000 4BF4605C 0 0
1 302 00 FFFFFFFF 1 0 0 00000006 B1BE7C14 B0D6C824 0 0 01  xxxxxxxx x xxxxxxxx xxxxxxxx x 1
1 C81 00 00001000 0 0 0 0000000B E6E05C8D 395BF558 0 0 10  00000000 0 00005000 4BF4605C 0 0
1 C81 00 00001000 0 0 0 0000000B E6E05C8D 395BF558 0 0 10  xxxxxxxx x xxxxxxxx xxxxxxxx x 1
1 C80 10 00000100 1 0 0 00000004 3B189FBD 476CF7C9 0 0 00  00000000 1 00005000 4BF4605C 0 0
1 C80 10 00000100 1 0 0 00000004 3B189FBD 476CF7C9 0 0 00  xxxxxxxx x xxxxxxxx xxxxxxxx x 1
1 F14 10 FFFFFFFF 0 0 0 0000000B 1CF58DC8 4554E44D 0 0 01  00000000 0 00005000 4BF4605C 0 0
1 F14 10 FFFFFFFF 0 0 0 0000000B 1CF58DC8 4554E44D 0 0 01  xxxxxxxx x xxxxxxxx xxxxxxxx x 1
1 F13 00 00000000 1 0 0 8000000B F19CA391 D8B55EBD 1 1 10  00000000 1 00005000 4BF4605C 0 0
1 F13 00 00000000 1 0 0 8000000B F19CA391 D8B55EBD 1 1 10  xxxxxxxx x xxxxxxxx xxxxxxxx x 1
1 C01 00 00800000 1 0 0 00000003 F1F47D92 BA2C63A1 0 1 11  0000005D 1 00005000 4BF4605C 0 0
1 C01 00 00800000 1 0 0 00000003 F1F47D92 BA2C63A1 0 1 11  xxxxxxxx x xxxxxxxx xxxxxxxx x 1
1 304 00 00000400 1 1 0 00000000 5E9D0725 1A9BDC17 0 0 11  00000000 0 00005000 4BF4605C 0 0
1 304 00 00000400 1 1 0 00000000 5E9D0725 1A9BDC17 0 0 11  xxxxxxxx x xxxxxxxx xxxxxxxx x 1
1 000 00 01000000 1 0 0 00000002 544DA034 3EBB68E5 0 0 00  00000000 1 00005000 4BF4605C 0 0
1 000 00 01000000 1 0 0 00000002 544DA034 3EBB68E5 0 0 00  xxxxxxxx x xxxxxxxx xxxxxxxx x 1
1 B00 00 8481FBBC 1 1 0 0000000B CB6307EC 5940EE20 0 1 01  00000060 0 00005000 4BF4605C 0 0
1 B00 00 8481FBBC 1 1 0 0000000B CB6307EC 5940EE20 0 1 01  xxxxxxxx x xxxxxxxx xxxxxxxx x 1
1 000 01 00000000 1 0 1 00000000 DB3701C0 4A722061 0 1 11  00000000 1 00005000 4BF4605C 0 0
1 000 01 00000000 1 0 1 00000000 DB3701C0 4A722061 0 1 11  xxxxxxxx x xxxxxxxx xxxxxxxx x 1
1 F11 00 FFFFFFFF 1 0 0 00000003 B2661053 ECD058B1 0 0 10  00000000 1 00005000 DB3701C0 0 0
1 F11 00 FFFFFFFF 1 0 0 00000003 B2661053 ECD058B1 0 0 10  xxxxxxxx x xxxxxxxx xxxxxxxx x 1
1 C80 00 00004000 0 0 0 00000003 24D602F3 C497E6F2 0 0 01  00000000 0 00005000 DB3701C0 0 0
1 C80 00 00004000 0 0 0 00000003 24D602F3 C497E6F2 0 0 01  xxxxxxxx x xxxxxxxx xxxxxxxx x 1
1 305 01 00000000 1 1 0 00000004 163D2ABE FF8C31D4 0 0 11  00005000 0 00005000 DB3701C0 0 0
1 305 01 00000000 1 1 0 00000004 163D2ABE FF8C31D4 0 0 11  xxxxxxxx x xxxxxxxx xxxxxxxx x 1
1 F14 00 00000000 1 0 0 00000006 161978B6 6C6E0006 0 0 10  00000000 1 00005000 DB3701C0 0 0
1 F14 00 00000000 1 0 0 00000006 161978B6 6C6E0006 0 0 10  xxxxxxxx x xxxxxxxx xxxxxxxx x 1
1 342 01 C27241DB 1 1 0 00000006 F9414B61 3347FC9A 1 1 11  00000000 0 00005000 DB3701C0 0 0
1 342 01 C27241DB 1 1 0 00000006 F9414B61 3347FC9A 1 1 11  xxxxxxxx x xxxxxxxx xxxxxxxx x 1
1 341 10 FFFFFFFF 0 0 0 00000002 FEFFE10E 67E60009 0 1 01  DB3701C0 0 00005000 DB3701C0 0 0
1 341 10 FFFFFFFF 0 0 0 00000002 FEFFE10E 67E60009 0 1 01  xxxxxxxx x xxxxxxxx xxxxxxxx x 1
1 343 10 20000000 1 1 0 00000006 2FC96969 88BEFF3B 0 0 11  4A722061 0 00005000 DB3701C0 0 0
1 343 10 20000000 1 1 0 00000006 2FC96969 88BEFF3B 0 0 11  xxxxxxxx x xxxxxxxx xxxxxxxx x 1
1 B02 10 00000008 0 0 0 0000000B B71258A2 D7E46FC5 0 1 01  A6AC0E95 0 00005000 DB3701C0 0 0
1 B02 10 00000008 0 0 0 0000000B B71258A2 D7E46FC5 0 1 01  xxxxxxxx x xxxxxxxx xxxxxxxx x 1
1 C82 10 FFFFFFFF 1 0 0 00000000 886B58FC 06C70486 0 1 11  00000000 1 00005000 DB3701C0 0 0
1 C82 10 FFFFFFFF 1 0 0 00000000 886B58FC 06C70486 0 1 11  xxxxxxxx x xxxxxxxx xxxxxxxx x 1
1 F11 01 00400000 1 0 0 00000004 777643F6 CE8BD743 0 0 11  00000000 1 00005000 DB3701C0 0 0
1 F11 01 00400000 1 0 0 00000004 777643F6 CE8BD743 0 0 11  xxxxxxxx x xxxxxxxx xxxxxxxx x 1
1 F13 10 FFFFFFFF 0 0 0 0000000B D655C586 8D896182 0 1 10  00000000 0 00005000 DB3701C0 0 0
1 F13 10 FFFFFFFF 0 0 0 0000000B D655C586 8D896182 0 1 10  xxxxxxxx x xxxxxxxx xxxxxxxx x 1
1 301 01 FFFFFFFF 1 1 0 8000000B 45FF37A9 01137B9A 0 1 00  40001104 0 00005000 DB3701C0 0 0
1 301 01 FFFFFFFF 1 1 0 8000000B 45FF37A9 01137B9A 0 1 00  xxxxxxxx x xxxxxxxx xxxxxxxx x 1
1 C82 00 A1651817 1 0 0 00000003 F8E2BB9F 3DCCD134 0 0 01  00000000 1 00005000 DB3701C0 0 0
1 C82 00 A1651817 1 0 0 00000003 F8E2BB9F 3DCCD134 0 0 01  xxxxxxxx x xxxxxxxx xxxxxxxx x 1
1 341 10 3EBB6BA2 1 0 0 00000000 E829CEFC 7D074090 0 0 10  DB3701C0 0 00005000 DB3701C0 0 0
1 341 10 3EBB6BA2 1 0 0 00000000 E829CEFC 7D074090 0 0 10  xxxxxxxx x xxxxxxxx xxxxxxxx x 1
1 305 01 04000000 0 0 0 00000006 B897AFE2 75E73A9F 0 1 00  00005000 0 00005000 DB3701C0 0 0
1 305 01 04000000 0 0 0 00000006 B897AFE2 75E73A9F 0 1 00  xxxxxxxx x xxxxxxxx xxxxxxxx x 1
1 302 10 FFFFFFFF 1 0 0 00000004 C73FC510 2FF8536C 0 0 01  00000000 1 00005000 DB3701C0 0 0
1 302 10 FFFFFFFF 1 0 0 00000004 C73FC510 2FF8536C 0 0 01  xxxxxxxx x xxxxxxxx xxxxxxxx x 1
1 343 01 DDD08FAF 1 1 0 00000006 ACB5DCD6 BDFBCF93 0 1 10  4A722061 0 00005000 DB3701C0 0 0
1 343 01 DDD08FAF 1 1 0 00000006 ACB5DCD6 BDFBCF93 0 1 10  xxxxxxxx x xxxxxxxx xxxxxxxx x 1
1 B00 01 00000002 0 0 0 8000000B A9BF1E3E 342B97EC 0 0 10  8481FBCE 0 00005000 DB3701C0 0 0
1 B00 01 00000002 0 0 0 8000000B A9BF1E3E 342B97EC 0 0 10  xxxxxxxx x xxxxxxxx xxxxxxxx x 1
1 F13 01 00000000 1 0 0 00000002 C55373E3 09DB2AE0 0 0 10  00000000 1 00005000 DB3701C0 0 0
1 F13 01 00000000 1 0 0 00000002 C55373E3 09DB2AE0 0 0 10  xxxxxxxx x xxxxxxxx xxxxxxxx x 1
1 300 00 7B47813A 1 1 0 0000000B 8E0F1949 D83E2657 0 0 11  00001888 0 00005000 DB3701C0 0 0
1 300 00 7B47813A 1 1 0 0000000B 8E0F1949 D83E2657 0 0 11  xxxxxxxx x xxxxxxxx xxxxxxxx x 1
1 F13 10 00000000 1 0 0 00000004 4682ECA2 5F6C450C 0 0 01  00000000 1 00005000 DB3701C0 0 0
1 F13 10 00000000 1 0 0 00000004 4682ECA2 5F6C450C 0 0 01  xxxxxxxx x xxxxxxxx xxxxxxxx x 1
1 C82 01 00000000 0 0 0 8000000B 71399F5A F17061F2 0 1 10  00000000 0 00005000 DB3701C0 0 0
1 C82 01 00000000 0 0 0 8000000B 71399F5A F17061F2 0 1 10  xxxxxxxx x xxxxxxxx xxxxxxxx x 1
1 B80 00 E145ADD0 1 1 0 8000000B A1C1B3D9 540F847E 0 1 10  00000000 0 00005000 DB3701C0 0 0
1 B80 00 E145ADD0 1 1 0 8000000B A1C1B3D9 540F847E 0 1 10  xxxxxxxx x xxxxxxxx xxxxxxxx x 1
1 C00 01 00002000 0 0 0 00000002 19622AE0 ADB3BCEE 0 0 00  8481FBD3 0 00005000 DB3701C0 0 0
1 C00 01 00002000 0 0 0 00000002 19622AE0 ADB3BCEE 0 0 00  xxxxxxxx x xxxxxxxx xxxxxxxx x 1
1 F11 10 00000200 1 0 0 00000000 65EDB106 0A65CD64 0 0 11  00000000 1 00005000 DB3701C0 0 0
1 F11 10 00000200 1 0 0 00000000 65EDB106 0A65CD64 0 0 11  xxxxxxxx x xxxxxxxx xxxxxxxx x 1
1 C02 10 00000000 1 0 0 0000000B BC00350E C47D0ACF 1 1 11  A6AC0E9D 1 00005000 DB3701C0 0 0
1 C02 10 00000000 1 0 0 0000000B BC00350E C47D0ACF 1 1 11  xxxxxxxx x xxxxxxxx xxxxxxxx x 1
1 000 01 00000000 1 0 0 00000006 460EA386 6949A32A 1 1 00  00000000 1 00005000 DB3701C0 0 0
1 000 01 00000000 1 0 0 00000006 460EA386 6949A32A 1 1 00  xxxxxxxx x xxxxxxxx xxxxxxxx x 1
1 B02 01 70F86C85 0 0 1 00000000 13BEF1E5 0D95932B 0 1 10  A6AC0E9F 0 00005000 DB3701C0 0 0
1 B02 01 70F86C85 0 0 1 00000000 13BEF1E5 0D95932B 0 1 10  xxxxxxxx x xxxxxxxx xxxxxxxx x 1
1 C81 10 12A4242B 1 0 0 00000006 6D941608 72543889 0 0 01  E145ADD0 1 00005000 13BEF1E4 0 0
1 C81 10 12A4242B 1 0 0 00000006 6D941608 72543889 0 0 01  xxxxxxxx x xxxxxxxx xxxxxxxx x 1
1 305 00 00000000 0 0 0 00000000 6CD257C6 431DBBC3 0 1 11  00005000 0 00005000 13BEF1E4 0 0
1 305 00 00000000 0 0 0 00000000 6CD257C6 431DBBC3 0 1 11  xxxxxxxx x xxxxxxxx xxxxxxxx x 1
1 C02 00 FFFFFFFF 1 0 0 0000000B 92BA2382 379A18A3 0 0 00  A6AC0EA1 1 00005000 13BEF1E4 0 0
1 C02 00 FFFFFFFF 1 0 0 0000000B 92BA2382 379A18A3 0 0 00  xxxxxxxx x xxxxxxxx xxxxxxxx x 1
1 C03 00 FFFFFFFF 1 0 0 0000000B 4272F364 041FE6F3 0 1 00  00000000 1 00005000 13BEF1E4 0 0
1 C03 00 FFFFFFFF 1 0 0 0000000B 4272F364 041FE6F3 0 1 00  xxxxxxxx x xxxxxxxx xxxxxxxx x 1
1 F11 00 00000000 1 0 0 0000000B FA6FDF6F 48D6EB18 0 1 10  00000000 1 00005000 13BEF1E4 0 0
1 F11 00 00000000 1 0 0 0000000B FA6FDF6F 48D6EB18 0 1 10  xxxxxxxx x xxxxxxxx xxxxxxxx x 1
1 C80 01 FFFFFFFF 1 0 0 00000002 C4C60D64 7A5F80E9 0 0 00  E145ADD0 1 00005000 13BEF1E4 0 0
1 C80 01 FFFFFFFF 1 0 0 00000002 C4C60D64 7A5F80E9 0 0 00  xxxxxxxx x xxxxxxxx xxxxxxxx x 1
1 F12 01 FFFFFFFF 0 0 0 00000000 9B651998 43EF92D0 0 1 00  00000000 0 00005000 13BEF1E4 0 0
1 F12 01 FFFFFFFF 0 0 0 00000000 9B651998 43EF92D0 0 1 00  xxxxxxxx x xxxxxxxx xxxxxxxx x 1
1 F12 10 80000000 0 0 0 8000000B 0B8D6016 996A0D1E 0 0 10  00000000 0 00005000 13BEF1E4 0 0
1 F12 10 80000000 0 0 0 8000000B 0B8D6016 996A0D1E 0 0 10  xxxxxxxx x xxxxxxxx xxxxxxxx x 1
1 F11 10 10000000 0 0 0 00000000 7B3ECF30 8C9A374F 0 0 00  00000000 0 00005000 13BEF1E4 0 0
1 F11 10 10000000 0 0 0 00000000 7B3ECF30 8C9A374F 0 0 00  xxxxxxxx x xxxxxxxx xxxxxxxx x 1
1 305 10 00000010 1 1 0 00000000 27C454D5 5A5BCD6C 0 1 01  00005000 0 00005000 13BEF1E4 0 0
1 305 10 00000010 1 1 0 00000000 27C454D5 5A5BCD6C 0 1 01  xxxxxxxx x xxxxxxxx xxxxxxxx x 1
1 C82 00 FFFFFFFF 1 0 0 0000000B 95EBE8D7 9BBDDD0E 0 0 00  00000000 1 00005000 13BEF1E4 0 0
1 C82 00 FFFFFFFF 1 0 0 0000000B 95EBE8D7 9BBDDD0E 0 0 00  xxxxxxxx x xxxxxxxx xxxxxxxx x 1
1 C80 00 00080000 1 0 0 00000002 7C91FE3D 1AA92770 0 0 10  E145ADD0 1 00005000 13BEF1E4 0 0
1 C80 00 00080000 1 0 0 00000002 7C91FE3D 1AA92770 0 0 10  xxxxxxxx x xxxxxxxx xxxxxxxx x 1
1 C02 01 FFFFFFFF 1 0 0 8000000B 37E904F5 88FD8343 0 0 11  A6AC0EA5 1 00005000 13BEF1E4 0 0
1 C02 01 FFFFFFFF 1 0 0 8000000B 37E904F5 88FD8343 0 0 11  xxxxxxxx x xxxxxxxx xxxxxxxx x 1
1 F11 10 00000000 0 0 0 00000006 CCF29D22 7194320D 0 0 10  00000000 0 00005000 13BEF1E4 0 0
1 F11 10 00000000 0 0 0 00000006 CCF29D22 7194320D 0 0 10  xxxxxxxx x xxxxxxxx xxxxxxxx x 1
1 C00 01 FFFFFFFF 1 0 0 0000000B 5533207A 10450CB0 0 0 11  8481FBE6 1 00005000 13BEF1E4 0 0
1 C00 01 FFFFFFFF 1 0 0 0000000B 5533207A 10450CB0 0 0 11  xxxxxxxx x xxxxxxxx xxxxxxxx x 1
1 C02 10 00000000 1 0 0 00000004 23B603F0 D2C82894 0 0 00  A6AC0EA5 1 00005000 13BEF1E4 0 0
1 C02 10 00000000 1 0 0 00000004 23B603F0 D2C82894 0 0 00  xxxxxxxx x xxxxxxxx xxxxxxxx x 1
1 C00 10 00001000 1 0 1 00000004 45F2C9B9 FFAA33E3 0 0 10  8481FBE8 1 00005000 13BEF1E4 0 0
1 C00 10 00001000 1 0 1 00000004 45F2C9B9 FFAA33E3 0 0 10  xxxxxxxx x xxxxxxxx xxxxxxxx x 1
1 C81 10 00000000 1 0 0 00000000 B2E4CA92 762FD661 0 0 01  E145ADD0 1 00005000 45F2C9B8 0 0
1 C81 10 00000000 1 0 0 00000000 B2E4CA92 762FD661 0 0 01  xxxxxxxx x xxxxxxxx xxxxxxxx x 1
1 344 01 00000000 0 0 1 0000000B 598EA27F E4B8A5FB 0 1 10  00000800 0 00005000 45F2C9B8 0 0
1 344 01 00000000 0 0 1 0000000B 598EA27F E4B8A5FB 0 1 10  xxxxxxxx x xxxxxxxx xxxxxxxx x 1
1 C00 10 00000000 0 0 0 8000000B 326D8206 D6DD6C53 0 0 10  8481FBEB 0 00005000 598EA27E 0 0
1 C00 10 00000000 0 0 0 8000000B 326D8206 D6DD6C53 0 0 10  xxxxxxxx x xxxxxxxx xxxxxxxx x 1
1 F12 00 00000000 1 0 0 0000000B FC73C9E7 163556A3 0 0 11  00000000 1 00005000 598EA27E 0 0
1 F12 00 00000000 1 0 0 0000000B FC73C9E7 163556A3 0 0 11  xxxxxxxx x xxxxxxxx xxxxxxxx x 1
1 B82 00 00000000 1 1 0 0000000B 190C32B3 AF1B44AF 0 1 11  00000000 0 00005000 598EA27E 0 0
1 B82 00 00000000 1 1 0 0000000B 190C32B3 AF1B44AF 0 1 11  xxxxxxxx x xxxxxxxx xxxxxxxx x 1
1 344 01 00000000 0 0 0 00000006 3064ABD9 C316508D 0 1 00  00000000 0 00005000 598EA27E 0 0
1 344 01 00000000 0 0 0 00000006 3064ABD9 C316508D 0 1 00  xxxxxxxx x xxxxxxxx xxxxxxxx x 1
1 F14 00 FFFFFFFF 1 0 0 8000000B 3EAA2DDC 14BE93EF 0 0 00  00000000 1 00005000 598EA27E 0 0
1 F14 00 FFFFFFFF 1 0 0 8000000B 3EAA2DDC 14BE93EF 0 0 00  xxxxxxxx x xxxxxxxx xxxxxxxx x 1
1 C81 01 FFFFFFFF 1 0 0 0000000B F22D6918 92EB6702 0 0 01  E145ADD0 1 00005000 598EA27E 0 0
1 C81 01 FFFFFFFF 1 0 0 0000000B F22D6918 92EB6702 0 0 01  xxxxxxxx x xxxxxxxx xxxxxxxx x 1
1 B82 00 00000002 1 1 0 0000000B 40E46533 6586AC1F 0 1 10  00000000 0 00005000 598EA27E 0 0
1 B82 00 00000002 1 1 0 0000000B 40E46533 6586AC1F 0 1 10  xxxxxxxx x xxxxxxxx xxxxxxxx x 1
1 B00 00 B77048BB 1 1 0 00000000 5F2665F7 DB40EF46 1 1 11  8481FBF2 0 00005000 598EA27E 0 0
1 B00 00 B77048BB 1 1 0 00000000 5F2665F7 DB40EF46 1 1 11  xxxxxxxx x xxxxxxxx xxxxxxxx x 1
1 7C0 01 00000001 0 0 0 00000000 50BE0633 81F02BB1 0 0 10  00000000 1 00005000 598EA27E 0 0
1 7C0 01 00000001 0 0 0 00000000 50BE0633 81F02BB1 0 0 10  xxxxxxxx x xxxxxxxx xxxxxxxx x 1
1 301 01 8D7384EA 1 0 0 00000002 1D7EE9B2 315A8DD7 0 1 10  40001104 0 00005000 598EA27E 0 0
1 301 01 8D7384EA 1 0 0 00000002 1D7EE9B2 315A8DD7 0 1 10  xxxxxxxx x xxxxxxxx xxxxxxxx x 1
1 305 10 FFFFFFFF 0 0 0 00000000 9469F733 20A3BFC7 0 0 01  00005000 0 00005000 598EA27E 0 0
1 305 10 FFFFFFFF 0 0 0 00000000 9469F733 20A3BFC7 0 0 01  xxxxxxxx x xxxxxxxx xxxxxxxx x 1
1 305 01 00000004 1 1 0 8000000B 41992E4E 5C3867A6 0 0 01  00005000 0 00005000 598EA27E 0 0
1 305 01 00000004 1 1 0 8000000B 41992E4E 5C3867A6 0 0 01  xxxxxxxx x xxxxxxxx xxxxxxxx x 1
1 C81 10 00000000 1 0 0 8000000B 7F7AFD43 1ABE3B95 0 1 00  E145ADD0 1 00005004 598EA27E 0 0
1 C81 10 00000000 1 0 0 8000000B 7F7AFD43 1ABE3B95 0 1 00  xxxxxxxx x xxxxxxxx xxxxxxxx x 1
1 C82 00 00000000 0 0 0 0000000B B34C635F 8E59C4B5 0 1 10  00000002 0 00005004 598EA27E 0 0
1 C82 00 00000000 0 0 0 0000000B B34C635F 8E59C4B5 0 1 10  xxxxxxxx x xxxxxxxx xxxxxxxx x 1
